const uint16_t target_firmware[] = {
    0xABCD, 0xEF42, 0x00FA, 0x0626, 0x08FA, 0x001E, 0x0000, 0x0000, 0x8AA9, 0x5D39, 0x0000, 0x0603, 0x5445, 0x524D, 0x0000, 0x4879,
    0x00FA, 0x05FE, 0x3F3C, 0x0009, 0x4E41, 0x5C8F, 0x2F07, 0x3E3C, 0x0032, 0x3F3C, 0x0025, 0x4E4E, 0x548F, 0x51CF, 0xFFF6, 0x2E1F,
    0x2F07, 0x3E3C, 0x0032, 0x3F3C, 0x0025, 0x4E4E, 0x548F, 0x51CF, 0xFFF6, 0x2E1F, 0x4267, 0x6100, 0x002A, 0x3F3C, 0x0002, 0x4E4E,
    0x548F, 0x2440, 0x45EA, 0xF000, 0x264A, 0x2C3C, 0x0000, 0x056D, 0x43F9, 0x00FA, 0x00B4, 0xE44E, 0x5346, 0x24D9, 0x51CE, 0xFFFC,
    0x4ED3, 0x2038, 0x05A0, 0x672A, 0x2040, 0x2018, 0x6724, 0xB0BC, 0x5F4D, 0x4348, 0x6704, 0x5848, 0x60F0, 0x0C90, 0x0001, 0x0010,
    0x6610, 0x50EF, 0x0004, 0x1F78, 0x8E21, 0x0005, 0x08B8, 0x0000, 0x8E21, 0x4E75, 0x2C40, 0x0038, 0x0008, 0x0484, 0x7200, 0x303C,
    0x0400, 0x6100, 0x02F4, 0x4A40, 0x6718, 0x2F07, 0x3E3C, 0x0032, 0x3F3C, 0x0025, 0x4E4E, 0x548F, 0x51CF, 0xFFF6, 0x2E1F, 0x6000,
    0x01CE, 0x3F3C, 0x0004, 0x4E4E, 0x548F, 0xB07C, 0x0002, 0x6700, 0x00B2, 0x3F3C, 0x0025, 0x4E4E, 0x548F, 0x204E, 0x227C, 0x00FA,
    0x8000, 0x203C, 0x0000, 0x0F9F, 0x3219, 0xE159, 0x3401, 0x4842, 0x3401, 0x20C2, 0x20C2, 0x51C8, 0xFFF0, 0x2C39, 0x00FA, 0x9F40,
    0xBCBC, 0x0000, 0x0001, 0x6700, 0x015A, 0xBCBC, 0x0000, 0x0002, 0x6700, 0x016E, 0xBCBC, 0x0000, 0x0004, 0x6700, 0x0172, 0x3F3C,
    0x000B, 0x4E41, 0x548F, 0x4A80, 0x6700, 0x0054, 0x3F3C, 0x0008, 0x4E41, 0x548F, 0xB03C, 0x001B, 0x6700, 0x0026, 0x2600, 0x3E3C,
    0x0003, 0x48E7, 0x7F00, 0x7204, 0x303C, 0x0001, 0x6100, 0x024A, 0x4CDF, 0x00FE, 0x4A40, 0x6704, 0x51CF, 0xFFE8, 0x6000, 0x0020,
    0x3E3C, 0x0003, 0x48E7, 0x7F00, 0x7200, 0x303C, 0x0000, 0x6100, 0x0228, 0x4CDF, 0x00FE, 0x4A40, 0x6704, 0x51CF, 0xFFE8, 0x6000,
    0xFF52, 0x3F3C, 0x0025, 0x4E4E, 0x548F, 0x224E, 0x244E, 0x45EA, 0x0050, 0x207C, 0x00FA, 0x8000, 0x267C, 0x00FA, 0x0800, 0x203C,
    0x0000, 0x00C7, 0x223C, 0x0000, 0x0013, 0x3418, 0xE15A, 0x3602, 0xC67C, 0xFF00, 0xEE4B, 0x3833, 0x3000, 0x4844, 0xC47C, 0x00FF,
    0xD442, 0x3833, 0x2000, 0x22C4, 0x24C4, 0x51C9, 0xFFDE, 0x43E9, 0x0050, 0x45EA, 0x0050, 0x51C8, 0xFFCC, 0x2C39, 0x00FA, 0x9F40,
    0xBCBC, 0x0000, 0x0001, 0x6700, 0x007A, 0xBCBC, 0x0000, 0x0002, 0x6700, 0x008E, 0xBCBC, 0x0000, 0x0004, 0x6700, 0x0092, 0x3F3C,
    0x000B, 0x4E41, 0x548F, 0x4A80, 0x6700, 0x0054, 0x3F3C, 0x0008, 0x4E41, 0x548F, 0xB03C, 0x001B, 0x6700, 0x0026, 0x2600, 0x3E3C,
    0x0003, 0x48E7, 0x7F00, 0x7204, 0x303C, 0x0001, 0x6100, 0x016A, 0x4CDF, 0x00FE, 0x4A40, 0x6704, 0x51CF, 0xFFE8, 0x6000, 0x0020,
    0x3E3C, 0x0003, 0x48E7, 0x7F00, 0x7200, 0x303C, 0x0000, 0x6100, 0x0148, 0x4CDF, 0x00FE, 0x4A40, 0x6704, 0x51CF, 0xFFE8, 0x6000,
    0xFF22, 0x2C3C, 0x000F, 0xFFFF, 0x5386, 0x66FC, 0x42B8, 0x0420, 0x42B8, 0x043A, 0x42B8, 0x051A, 0x2078, 0x0004, 0x4ED0, 0x4E71,
    0x4A17, 0x6706, 0x11EF, 0x0001, 0x8E21, 0x548F, 0x4E75, 0x0CB9, 0xFFFF, 0xFFFF, 0x00FA, 0xA408, 0x6726, 0x2038, 0x0432, 0x90BC,
    0x0000, 0x8800, 0x2040, 0x0C90, 0xAC51, 0x4BCB, 0x6612, 0x42B8, 0x0420, 0x42B8, 0x043A, 0x42B8, 0x051A, 0x2078, 0x0004, 0x4ED0,
    0x4EB9, 0x00FA, 0x4C00, 0x4EB9, 0x00FA, 0x2A00, 0x4EB9, 0x00FA, 0x1000, 0x4EB9, 0x00FA, 0x5400, 0x4EB9, 0x00FA, 0x3400, 0x4A17,
    0x6706, 0x11EF, 0x0001, 0x8E21, 0x548F, 0x4E75, 0x2038, 0x05A0, 0x6700, 0x001A, 0x2040, 0x2018, 0x6700, 0x0012, 0xB0BC, 0x5F4D,
    0x4348, 0x6704, 0x5848, 0x60EE, 0x2818, 0x6002, 0x4284, 0x2F04, 0x263C, 0x0000, 0x0000, 0x3E3C, 0x0003, 0x48E7, 0x7F00, 0x7208,
    0x303C, 0x0001, 0x6100, 0x0072, 0x4CDF, 0x00FE, 0x4A40, 0x6704, 0x51CF, 0xFFE8, 0x4A40, 0x6604, 0x201F, 0x4E75, 0x281F, 0x60CE,
    0x3F3C, 0x0030, 0x4E41, 0x548F, 0xC0BC, 0x0000, 0xFFFF, 0x0C78, 0x00FC, 0x0004, 0x6608, 0x3239, 0x00FC, 0x0002, 0x6006, 0x3239,
    0x00E0, 0x0002, 0xC2BC, 0x0000, 0xFFFF, 0x4841, 0x8081, 0x263C, 0x0000, 0x0001, 0x2800, 0x3E3C, 0x0003, 0x48E7, 0x7F00, 0x7208,
    0x303C, 0x0001, 0x6100, 0x0012, 0x4CDF, 0x00FE, 0x4A40, 0x6704, 0x51CF, 0xFFE8, 0x4A40, 0x4E75, 0x2439, 0x00FA, 0xF004, 0x2478,
    0x04C6, 0x2678, 0x04C6, 0x2E3C, 0x0000, 0x0024, 0x43F9, 0x00FA, 0x0498, 0xE24F, 0x5347, 0x34D9, 0x51CF, 0xFFFC, 0x5841, 0x43F9,
    0x00FA, 0xF000, 0x207C, 0x00FB, 0x0000, 0xD1FC, 0x0000, 0x8000, 0x3E3C, 0xABCD, 0x4A30, 0x7000, 0x4287, 0xDE40, 0x4A30, 0x0000,
    0xDE41, 0x4A30, 0x1000, 0x4A41, 0x6700, 0x0088, 0xDE42, 0x4A30, 0x2000, 0xB27C, 0x0002, 0x6700, 0x007A, 0x4842, 0xDE42, 0x4A30,
    0x2000, 0xB27C, 0x0004, 0x6700, 0x006A, 0xDE43, 0x4A30, 0x3000, 0xB27C, 0x0006, 0x6700, 0x005C, 0x4843, 0xDE43, 0x4A30, 0x3000,
    0xB27C, 0x0008, 0x6700, 0x004C, 0xDE44, 0x4A30, 0x4000, 0xB27C, 0x000A, 0x6700, 0x003E, 0x4844, 0xDE44, 0x4A30, 0x4000, 0xB27C,
    0x000C, 0x672E, 0xDE45, 0x4A30, 0x5000, 0xB27C, 0x000E, 0x6722, 0x4845, 0xDE45, 0x4A30, 0x5000, 0xB27C, 0x0010, 0x6714, 0xDE46,
    0x4A30, 0x6000, 0xB27C, 0x0012, 0x6708, 0x4846, 0xDE46, 0x4A30, 0x6000, 0x4A30, 0x7000, 0x4ED3, 0x4842, 0x2E3C, 0x0000, 0x6FFF,
    0x7000, 0xB491, 0x6608, 0xB4B9, 0x00FA, 0xF004, 0x6606, 0x5387, 0x66F0, 0x5380, 0x4A40, 0x4E75, 0x2439, 0x00FA, 0xF004, 0x2478,
    0x04C6, 0x2678, 0x04C6, 0x2E3C, 0x0000, 0x0024, 0x43F9, 0x00FA, 0x05DE, 0xE24F, 0x5347, 0x34D9, 0x51CF, 0xFFFC, 0xCCBC, 0x0000,
    0xFFFF, 0x7210, 0xD286, 0x5281, 0xE289, 0xE389, 0x43F9, 0x00FA, 0xF000, 0x207C, 0x00FB, 0x0000, 0xD1FC, 0x0000, 0x8000, 0x3E3C,
    0xABCD, 0x4A30, 0x7000, 0x4287, 0xDE40, 0x4A30, 0x0000, 0xDE41, 0x4A30, 0x1000, 0xDE42, 0x4A30, 0x2000, 0x4842, 0xDE42, 0x4A30,
    0x2000, 0xDE43, 0x4A30, 0x3000, 0x4843, 0xDE43, 0x4A30, 0x3000, 0xDE44, 0x4A30, 0x4000, 0x4844, 0xDE44, 0x4A30, 0x4000, 0xDE45,
    0x4A30, 0x5000, 0x4845, 0xDE45, 0x4A30, 0x5000, 0x2A06, 0x2C07, 0x4287, 0x0805, 0x0000, 0x662E, 0x5285, 0xE24D, 0x5345, 0x280C,
    0x0804, 0x0000, 0x6712, 0x161C, 0xE14B, 0x161C, 0x4A30, 0x3000, 0xDE43, 0x51CD, 0xFFF2, 0x605E, 0x381C, 0xDE44, 0x4A30, 0x4000,
    0x51CD, 0xFFF6, 0x6050, 0x5285, 0xE24D, 0x280C, 0x0804, 0x0000, 0x6726, 0x5345, 0x6712, 0x5345, 0x161C, 0xE14B, 0x161C, 0x4A30,
    0x3000, 0xDE43, 0x51CD, 0xFFF2, 0x181C, 0xE14C, 0xC87C, 0xFF00, 0xDE44, 0x4A30, 0x4000, 0x601E, 0x5345, 0x670E, 0x5345, 0x381C,
    0xDE44, 0x4A30, 0x4000, 0x51CD, 0xFFF6, 0x381C, 0xC87C, 0xFF00, 0xDE44, 0x4A30, 0x4000, 0xDC47, 0x4A30, 0x6000, 0x4ED3, 0x4842,
    0x2C3C, 0x0000, 0x6FFF, 0x7000, 0xB491, 0x6608, 0xB4B9, 0x00FA, 0xF004, 0x6606, 0x5386, 0x66F0, 0x5380, 0x4A40, 0x4E75, 0x5374,
    0x6172, 0x7469, 0x6E67, 0x204D, 0x756C, 0x7469, 0x2D64, 0x7269, 0x7665, 0x2065, 0x6D75, 0x6C61, 0x746F, 0x722E, 0x2E2E, 0x0D0A,
    0x0000, 0x0000, 0x0000, 0x0000, 0x0000, 0x04FA, 0x0642, 0x0000, 0x0000, 0x8AA9, 0x5D39, 0x0000, 0x0058, 0x4143, 0x5349, 0x5245,
    0x5300, 0x48E7, 0xC0C0, 0x0CB9, 0xDEAD, 0x0000, 0x00FA, 0xA408, 0x6742, 0x2038, 0x0432, 0x673C, 0x2238, 0x0436, 0x9280, 0xB2BC,
    0x0001, 0x8800, 0x632E, 0xD0BC, 0x0000, 0x0003, 0xC0BC, 0xFFFF, 0xFFFC, 0x2040, 0x2248, 0x323C, 0x21FF, 0x4299, 0x51C9, 0xFFFC,
    0x20BC, 0xAC51, 0x4BCB, 0x2148, 0x0004, 0xD0BC, 0x0000, 0x8800, 0x21C0, 0x0432, 0x4CDF, 0x0303, 0x4E75, 0x0000, 0x0000, 0x0000,
    0x0000, 0x0000, 0x0000, 0x0000, 0x0000, 0x0000, 0x0000, 0x0000, 0x0000, 0x0000, 0x0000, 0x0000, 0x0000, 0x0000, 0x0000, 0x0000,
    0x0000, 0x0000, 0x0000, 0x0000, 0x0000, 0x0000, 0x0000, 0x0000, 0x0000, 0x0000, 0x0000, 0x0000, 0x0000, 0x0000, 0x0000, 0x0000,
    0x0000, 0x0000, 0x0000, 0x0000, 0x0000, 0x0000, 0x0000, 0x0000, 0x0000, 0x0000, 0x0000, 0x0000, 0x0000, 0x0000, 0x0000, 0x0000,
    0x0000, 0x0000, 0x0000, 0x0000, 0x0000, 0x0000, 0x0000, 0x0000, 0x0000, 0x0000, 0x0000, 0x0000, 0x0000, 0x0000, 0x0000, 0x0000,
    0x0000, 0x0000, 0x0000, 0x0000, 0x0000, 0x0000, 0x0000, 0x0000, 0x0000, 0x0000, 0x0000, 0x0000, 0x0000, 0x0000, 0x0000, 0x0000,
    0x0000, 0x0000, 0x0000, 0x0000, 0x0000, 0x0000, 0x0000, 0x0000, 0x0000, 0x0000, 0x0000, 0x0000, 0x0000, 0x0000, 0x0000, 0x0000,
    0x0000, 0x0000, 0x0000, 0x0000, 0x0000, 0x0000, 0x0000, 0x0000, 0x0000, 0x0000, 0x0000, 0x0000, 0x0000, 0x0000, 0x0000, 0x0000,
    0x0000, 0x0000, 0x0000, 0x0000, 0x0000, 0x0000, 0x0000, 0x0000, 0x0000, 0x0000, 0x0000, 0x0000, 0x0000, 0x0000, 0x0000, 0x0000,
    0x0000, 0x0000, 0x0000, 0x0000, 0x0000, 0x0000, 0x0000, 0x0000, 0x0000, 0x0000, 0x0000, 0x0000, 0x0000, 0x0000, 0x0000, 0x0000,
    0x0000, 0x0000, 0x0000, 0x0000, 0x0000, 0x0000, 0x0000, 0x0000, 0x0000, 0x0000, 0x0000, 0x0000, 0x0000, 0x0000, 0x0000, 0x0000,
    0x0000, 0x0000, 0x0000, 0x0000, 0x0000, 0x0000, 0x0000, 0x0000, 0x0000, 0x0000, 0x0000, 0x0000, 0x0000, 0x0000, 0x0000, 0x0000,
    0x0000, 0x0000, 0x0000, 0x0000, 0x0000, 0x0000, 0x0000, 0x0000, 0x0000, 0x0000, 0x0000, 0x0000, 0x0000, 0x0000, 0x0000, 0x0000,
    0x0000, 0x0000, 0x0000, 0x0000, 0x0000, 0x0000, 0x0000, 0x0000, 0x0000, 0x0000, 0x0000, 0x0000, 0x0000, 0x0000, 0x0000, 0x0000,
    0x0000, 0x0000, 0x0000, 0x0000, 0x0000, 0x0000, 0x0000, 0x0000, 0x0000, 0x0000, 0x0000, 0x0000, 0x0000, 0x0000, 0x0000, 0x0000,
    0x0000, 0x0000, 0x0000, 0x0000, 0x0000, 0x0000, 0x0000, 0x0000, 0x0000, 0x0000, 0x0000, 0x0000, 0x0000, 0x0000, 0x0000, 0x0000,
    0x0000, 0x0000, 0x0000, 0x0000, 0x0000, 0x0000, 0x0000, 0x0000, 0x0000, 0x0000, 0x0000, 0x0000, 0x0000, 0x0000, 0x0000, 0x0000,
    0x0000, 0x0000, 0x0000, 0x0000, 0x0000, 0x0000, 0x0000, 0x0000, 0x0000, 0x0000, 0x0000, 0x0000, 0x0000, 0x0000, 0x0000, 0x0000,
    0x0000, 0x0000, 0x0000, 0x0000, 0x0000, 0x0000, 0x0000, 0x0000, 0x0000, 0x0000, 0x0000, 0x0000, 0x0000, 0x0000, 0x0000, 0x0000,
    0x0000, 0x0000, 0x0000, 0x0000, 0x0000, 0x0000, 0x0000, 0x0000, 0x0000, 0x0000, 0x0000, 0x0000, 0x0000, 0x0000, 0x0000, 0x0000,
    0x0000, 0x0000, 0x0000, 0x0000, 0x0000, 0x0000, 0x0000, 0x0000, 0x0000, 0x0000, 0x0000, 0x0000, 0x0000, 0x0000, 0x0000, 0x0000,
    0x0000, 0x0000, 0x0000, 0x0000, 0x0000, 0x0000, 0x0000, 0x0000, 0x0000, 0x0000, 0x0000, 0x0000, 0x0000, 0x0000, 0x0000, 0x0000,
    0x0000, 0x0000, 0x0000, 0x0000, 0x0000, 0x0000, 0x0000, 0x0000, 0x0000, 0x0000, 0x0000, 0x0000, 0x0000, 0x0000, 0x0000, 0x0000,
    0x0000, 0x0000, 0x0000, 0x0000, 0x0000, 0x0000, 0x0000, 0x0000, 0x0000, 0x0000, 0x0000, 0x0000, 0x0000, 0x0000, 0x0000, 0x0000,
    0x0000, 0x0000, 0x0000, 0x0000, 0x0000, 0x0000, 0x0000, 0x0000, 0x0000, 0x0000, 0x0000, 0x0000, 0x0000, 0x0000, 0x0000, 0x0000,
    0x0000, 0x0000, 0x0000, 0x0000, 0x0000, 0x0000, 0x0000, 0x0000, 0x0000, 0x0000, 0x0000, 0x0000, 0x0000, 0x0000, 0x0000, 0x0000,
    0x0000, 0x0000, 0x0000, 0x0000, 0x0000, 0x0000, 0x0000, 0x0000, 0x0000, 0x0000, 0x0000, 0x0000, 0x0000, 0x0000, 0x0000, 0x0000,
    0x0000, 0x0000, 0x0000, 0x0000, 0x0000, 0x0000, 0x0000, 0x0000, 0x0000, 0x0000, 0x0000, 0x0000, 0x0000, 0x0000, 0x0000, 0x0000,
    0x0000, 0x0000, 0x0000, 0x0000, 0x0000, 0x0000, 0x0000, 0x0000, 0x0000, 0x0000, 0x0000, 0x0000, 0x0000, 0x0000, 0x0000, 0x0000,
    0x0000, 0x0000, 0x0000, 0x0000, 0x0000, 0x0000, 0x0000, 0x0000, 0x0000, 0x0000, 0x0000, 0x0000, 0x0000, 0x0000, 0x0000, 0x0000,
    0x0000, 0x0000, 0x0000, 0x0000, 0x0000, 0x0000, 0x0000, 0x0000, 0x0000, 0x0000, 0x0000, 0x0000, 0x0000, 0x0000, 0x0000, 0x0000,
    0x0000, 0x0000, 0x0000, 0x0000, 0x0000, 0x0000, 0x0000, 0x0000, 0x0000, 0x0000, 0x0000, 0x0000, 0x0000, 0x0000, 0x0000, 0x0000,
    0x0000, 0x0000, 0x0000, 0x0000, 0x0000, 0x0000, 0x0000, 0x0000, 0x0000, 0x0000, 0x0000, 0x0000, 0x0000, 0x0000, 0x0000, 0x0000,
    0x0000, 0x0000, 0x0000, 0x0000, 0x0000, 0x0000, 0x0000, 0x0000, 0x0000, 0x0000, 0x0000, 0x0000, 0x0000, 0x0000, 0x0000, 0x0000,
    0x0000, 0x0000, 0x0000, 0x0000, 0x0000, 0x0000, 0x0000, 0x0000, 0x0000, 0x0000, 0x0000, 0x0000, 0x0000, 0x0000, 0x0000, 0x0000,
    0x0000, 0x0000, 0x0000, 0x0000, 0x0000, 0x0000, 0x0000, 0x0000, 0x0000, 0x0000, 0x0000, 0x0000, 0x0000, 0x0000, 0x0000, 0x0000,
    0x0000, 0x0000, 0x0000, 0x0000, 0x0000, 0x0000, 0x0000, 0x0000, 0x0000, 0x0000, 0x0000, 0x0000, 0x0000, 0x0000, 0x0000, 0x0000,
    0x0000, 0x0000, 0x0000, 0x0000, 0x0000, 0x0000, 0x0000, 0x0000, 0x0000, 0x0000, 0x0000, 0x0000, 0x0000, 0x0000, 0x0000, 0x0000,
    0x0000, 0x0000, 0x0000, 0x0000, 0x0000, 0x0000, 0x0000, 0x0000, 0x0000, 0x0000, 0x0000, 0x0000, 0x0000, 0x0000, 0x0000, 0x0000,
    0x0000, 0x0000, 0x0000, 0x0000, 0x0000, 0x0000, 0x0000, 0x0000, 0x0000, 0x0000, 0x0000, 0x0000, 0x0000, 0x0000, 0x0000, 0x0000,
    0x0000, 0x0000, 0x0000, 0x0000, 0x0000, 0x0000, 0x0000, 0x0000, 0x0000, 0x0000, 0x0000, 0x0000, 0x0000, 0x0000, 0x0000, 0x0000,
    0x0000, 0x0000, 0x0000, 0x0000, 0x0000, 0x0000, 0x0000, 0x0000, 0x0000, 0x0000, 0x0000, 0x0000, 0x0000, 0x0000, 0x0000, 0x0000,
    0x0000, 0x0000, 0x0000, 0x0000, 0x0000, 0x0000, 0x0000, 0x0000, 0x0000, 0x0000, 0x0000, 0x0000, 0x0000, 0x0000, 0x0000, 0x0000,
    0x0000, 0x0000, 0x0000, 0x0000, 0x0000, 0x0000, 0x0000, 0x0000, 0x0000, 0x0000, 0x0000, 0x0000, 0x0000, 0x0000, 0x0000, 0x0000,
    0x0000, 0x0000, 0x0000, 0x0000, 0x0000, 0x0000, 0x0000, 0x0000, 0x0000, 0x0000, 0x0000, 0x0000, 0x0000, 0x0000, 0x0000, 0x0000,
    0x0000, 0x0000, 0x0000, 0x0000, 0x0000, 0x0000, 0x0000, 0x0000, 0x0000, 0x0000, 0x0000, 0x0000, 0x0000, 0x0000, 0x0000, 0x0000,
    0x0000, 0x0000, 0x0000, 0x0000, 0x0000, 0x0000, 0x0000, 0x0000, 0x0000, 0x0000, 0x0000, 0x0000, 0x0000, 0x0000, 0x0000, 0x0000,
    0x0000, 0x0000, 0x0000, 0x0000, 0x0000, 0x0000, 0x0000, 0x0000, 0x0000, 0x0000, 0x0000, 0x0000, 0x0000, 0x0000, 0x0000, 0x0000,
    0x0000, 0x0000, 0x0000, 0x0000, 0x0000, 0x0000, 0x0000, 0x0000, 0x0000, 0x0000, 0x0000, 0x0000, 0x0000, 0x0000, 0x0000, 0x0000,
    0x0000, 0x0000, 0x0000, 0x0000, 0x0000, 0x0000, 0x0000, 0x0000, 0x0000, 0x0000, 0x0000, 0x0000, 0x0000, 0x0000, 0x0000, 0x0000,
    0x0000, 0x0000, 0x0000, 0x0000, 0x0000, 0x0000, 0x0000, 0x0000, 0x0000, 0x0000, 0x0000, 0x0000, 0x0000, 0x0000, 0x0000, 0x0000,
    0x0000, 0x0000, 0x0000, 0x0000, 0x0000, 0x0000, 0x0000, 0x0000, 0x0000, 0x0000, 0x0000, 0x0000, 0x0000, 0x0000, 0x0000, 0x0000,
    0x0000, 0x0000, 0x0000, 0x0000, 0x0000, 0x0000, 0x0000, 0x0000, 0x0000, 0x0000, 0x0000, 0x0000, 0x0000, 0x0000, 0x0000, 0x0000,
    0x0000, 0x0000, 0x0000, 0x0000, 0x0000, 0x0000, 0x0000, 0x0000, 0x0000, 0x0000, 0x0000, 0x0000, 0x0000, 0x0000, 0x0000, 0x0000,
    0x0000, 0x0000, 0x0000, 0x0000, 0x0000, 0x0000, 0x0000, 0x0000, 0x0000, 0x0000, 0x0000, 0x0000, 0x0000, 0x0000, 0x0000, 0x0000,
    0x0000, 0x0000, 0x0000, 0x0000, 0x0000, 0x0000, 0x0000, 0x0000, 0x0000, 0x0000, 0x0000, 0x0000, 0x0000, 0x0000, 0x0000, 0x0000,
    0x0000, 0x0000, 0x0000, 0x0000, 0x0000, 0x0000, 0x0000, 0x0000, 0x0000, 0x0000, 0x0000, 0x0000, 0x0000, 0x0000, 0x0000, 0x0000,
    0x0000, 0x0000, 0x0000, 0x0000, 0x0000, 0x0000, 0x0000, 0x0000, 0x0000, 0x0000, 0x0000, 0x0000, 0x0000, 0x0000, 0x0000, 0x0000,
    0x0000, 0x0000, 0x0000, 0x0000, 0x0000, 0x0000, 0x0000, 0x0000, 0x0000, 0x0000, 0x0000, 0x0000, 0x0000, 0x0000, 0x0000, 0x0000,
    0x0000, 0x0000, 0x0000, 0x0000, 0x0000, 0x0000, 0x0000, 0x0000, 0x0000, 0x0000, 0x0000, 0x0000, 0x0000, 0x0000, 0x0000, 0x0000,
    0x0000, 0x0000, 0x0000, 0x0000, 0x0000, 0x0000, 0x0000, 0x0000, 0x0000, 0x0000, 0x0000, 0x0000, 0x0000, 0x0000, 0x0000, 0x0000,
    0x0000, 0x0000, 0x0000, 0x0000, 0x0000, 0x0000, 0x0000, 0x0000, 0x0000, 0x0000, 0x0000, 0x0000, 0x0000, 0x0000, 0x0000, 0x0000,
    0x0000, 0x0000, 0x0000, 0x0000, 0x0000, 0x0000, 0x0000, 0x0000, 0x0000, 0x0000, 0x0000, 0x0000, 0x0000, 0x0000, 0x0000, 0x0000,
    0x0000, 0x0000, 0x0000, 0x0000, 0x0000, 0x0000, 0x0000, 0x0000, 0x0000, 0x0000, 0x0000, 0x0000, 0x0000, 0x0000, 0x0000, 0x0000,
    0x0000, 0x0000, 0x0000, 0x0000, 0x0000, 0x0000, 0x0000, 0x0000, 0x0000, 0x0000, 0x0000, 0x0000, 0x0000, 0x0000, 0x0000, 0x0000,
    0x0000, 0x0000, 0x0000, 0x0000, 0x0000, 0x0000, 0x0000, 0x0000, 0x0000, 0x0000, 0x0000, 0x0000, 0x0000, 0x0000, 0x0000, 0x0000,
    0x0000, 0x0000, 0x0000, 0x0000, 0x0000, 0x0000, 0x0000, 0x0000, 0x0000, 0x0000, 0x0000, 0x0000, 0x0000, 0x0000, 0x0000, 0x0000,
    0x0000, 0x0000, 0x0000, 0x0000, 0x0000, 0x0000, 0x0000, 0x0000, 0x0000, 0x0000, 0x0000, 0x0000, 0x0000, 0x0000, 0x0000, 0x0000,
    0x0000, 0x0000, 0x0000, 0x0000, 0x0000, 0x0000, 0x0000, 0x0000, 0x0000, 0x0000, 0x0000, 0x0000, 0x0000, 0x0000, 0x0000, 0x0000,
    0x0000, 0x0000, 0x0000, 0x0000, 0x0000, 0x0000, 0x0000, 0x0000, 0x0000, 0x0000, 0x0000, 0x0000, 0x0000, 0x0000, 0x0000, 0x0000,
    0x0000, 0x0000, 0x0000, 0x0000, 0x0000, 0x0000, 0x0000, 0x0000, 0x0000, 0x0000, 0x0000, 0x0000, 0x0000, 0x0000, 0x0000, 0x0000,
    0x0000, 0x0000, 0x0000, 0x0000, 0x0000, 0x0000, 0x0000, 0x0000, 0x0000, 0x0000, 0x0000, 0x0000, 0x0000, 0x0000, 0x0000, 0x0000,
    0x0000, 0x0000, 0x0000, 0x0000, 0x0000, 0x0000, 0x0000, 0x0000, 0x0000, 0x0000, 0x0000, 0x0000, 0x0000, 0x0000, 0x0000, 0x0000,
    0x0000, 0x0000, 0x0000, 0x0000, 0x0000, 0x0000, 0x0000, 0x0000, 0x0000, 0x0000, 0x0000, 0x0000, 0x0000, 0x0000, 0x0000, 0x0000,
    0x0000, 0x0000, 0x0000, 0x0000, 0x0000, 0x0000, 0x0000, 0x0000, 0x0000, 0x0000, 0x0000, 0x0000, 0x0000, 0x0000, 0x0000, 0x0000,
    0x0000, 0x0000, 0x0000, 0x0000, 0x0000, 0x0000, 0x0000, 0x0000, 0x0000, 0x0000, 0x0000, 0x0000, 0x0000, 0x0000, 0x0000, 0x0000,
    0x4AB9, 0x00FA, 0x825C, 0x6700, 0x0078, 0x6100, 0x1374, 0x6100, 0x13C4, 0x6100, 0x006E, 0x3E3C, 0x0005, 0x48E7, 0x7F00, 0x7200,
    0x303C, 0x0404, 0x6100, 0x1406, 0x4CDF, 0x00FE, 0x4A40, 0x6704, 0x51CF, 0xFFE8, 0x2F3C, 0x0000, 0x0400, 0x3F3C, 0x0048, 0x4E41,
    0x5C8F, 0x4A80, 0x6F3A, 0xD0BC, 0x0000, 0x0400, 0x2800, 0x263C, 0x0000, 0x0016, 0x3E3C, 0x0005, 0x48E7, 0x7F00, 0x7208, 0x303C,
    0x0487, 0x6100, 0x13C8, 0x4CDF, 0x00FE, 0x4A40, 0x6704, 0x51CF, 0xFFE8, 0x660C, 0xB8B9, 0x00FA, 0x8260, 0x6604, 0x6100, 0x0054,
    0x4E75, 0x4A78, 0x04A6, 0x660E, 0x21FC, 0x0000, 0x0001, 0x04C2, 0x31FC, 0x0001, 0x04A6, 0x2039, 0x00FA, 0x8250, 0x7201, 0xE1A9,
    0x83B8, 0x04C2, 0xB07C, 0x0002, 0x6604, 0x31C0, 0x0446, 0xB07C, 0x0002, 0x6618, 0x3F00, 0x3F3C, 0x000E, 0x4E41, 0x588F, 0x4879,
    0x00FA, 0x10CE, 0x3F3C, 0x003B, 0x4E41, 0x5C8F, 0x4E75, 0x5C00, 0x4E75, 0x2F3C, 0x00FA, 0x111C, 0x3F3C, 0x0021, 0x3F3C, 0x0005,
    0x4E4D, 0x508F, 0x2600, 0x283C, 0x00FA, 0x1118, 0x3E3C, 0x0005, 0x48E7, 0x7F00, 0x7208, 0x303C, 0x0401, 0x6100, 0x1330, 0x4CDF,
    0x00FE, 0x4A40, 0x6704, 0x51CF, 0xFFE8, 0x4A40, 0x4E75, 0x0000, 0x5842, 0x5241, 0x5344, 0x4744, 0x0000, 0x0000, 0x0839, 0x0000,
    0x00FA, 0x8300, 0x6708, 0x2F39, 0x00FA, 0x1118, 0x4E75, 0x0817, 0x0005, 0x6612, 0x4E68, 0x5D88, 0x4A78, 0x059E, 0x6702, 0x5448,
    0x3028, 0x0006, 0x600E, 0x302F, 0x0006, 0x4A78, 0x059E, 0x6704, 0x302F, 0x0008, 0xB07C, 0x0057, 0x6200, 0x01BE, 0xD040, 0xD040,
    0x203B, 0x0006, 0x6000, 0x0162, 0x00FA, 0x13D4, 0x00FA, 0x1320, 0x00FA, 0x1320, 0x00FA, 0x1320, 0x00FA, 0x1320, 0x00FA, 0x1320,
    0x00FA, 0x1320, 0x00FA, 0x1320, 0x00FA, 0x1320, 0x00FA, 0x1320, 0x00FA, 0x1320, 0x00FA, 0x1320, 0x00FA, 0x1320, 0x00FA, 0x1320,
    0x00FA, 0x1320, 0x00FA, 0x1320, 0x00FA, 0x1320, 0x00FA, 0x1320, 0x00FA, 0x1320, 0x00FA, 0x1320, 0x00FA, 0x1320, 0x00FA, 0x1320,
    0x00FA, 0x1320, 0x00FA, 0x1320, 0x00FA, 0x1320, 0x00FA, 0x1320, 0x00FA, 0x13FC, 0x00FA, 0x1320, 0x00FA, 0x1320, 0x00FA, 0x1320,
    0x00FA, 0x1320, 0x00FA, 0x1320, 0x00FA, 0x1320, 0x00FA, 0x1320, 0x00FA, 0x1320, 0x00FA, 0x1320, 0x00FA, 0x1320, 0x00FA, 0x1320,
    0x00FA, 0x1320, 0x00FA, 0x1320, 0x00FA, 0x1320, 0x00FA, 0x1320, 0x00FA, 0x1320, 0x00FA, 0x1320, 0x00FA, 0x1320, 0x00FA, 0x1320,
    0x00FA, 0x1320, 0x00FA, 0x1320, 0x00FA, 0x1320, 0x00FA, 0x13D4, 0x00FA, 0x1320, 0x00FA, 0x1320, 0x00FA, 0x1320, 0x00FA, 0x1320,
    0x00FA, 0x147A, 0x00FA, 0x1320, 0x00FA, 0x1320, 0x00FA, 0x151A, 0x00FA, 0x15BA, 0x00FA, 0x165A, 0x00FA, 0x1852, 0x00FA, 0x173E,
    0x00FA, 0x17E4, 0x00FA, 0x1BCC, 0x00FA, 0x1CFE, 0x00FA, 0x18FA, 0x00FA, 0x1A5C, 0x00FA, 0x1A9E, 0x00FA, 0x1320, 0x00FA, 0x1320,
    0x00FA, 0x1362, 0x00FA, 0x16E4, 0x00FA, 0x1320, 0x00FA, 0x1320, 0x00FA, 0x1320, 0x00FA, 0x1F3E, 0x00FA, 0x13D4, 0x00FA, 0x1320,
    0x00FA, 0x1D84, 0x00FA, 0x1EC0, 0x00FA, 0x1320, 0x00FA, 0x1320, 0x00FA, 0x1320, 0x00FA, 0x1320, 0x00FA, 0x1320, 0x00FA, 0x1320,
    0x00FA, 0x199A, 0x00FA, 0x1B44, 0xB0BC, 0x00FA, 0x1320, 0x6700, 0x0048, 0x2F0E, 0x2C79, 0x00FA, 0x8260, 0x2D0F, 0x2E4E, 0x558F,
    0x48E7, 0x7FFC, 0x0CB9, 0x0001, 0x0010, 0x00FA, 0x8208, 0x660C, 0x1F78, 0x8E21, 0x0034, 0x08B8, 0x0000, 0x8E21, 0x2240, 0x206F,
    0x0036, 0x5888, 0x0810, 0x0005, 0x6604, 0x4E68, 0x5D88, 0x4A78, 0x059E, 0x6702, 0x5448, 0x4ED1, 0x2F39, 0x00FA, 0x1118, 0x4E75,
    0x0CB9, 0x0001, 0x0010, 0x00FA, 0x8208, 0x6606, 0x11EF, 0x0034, 0x8E21, 0x4CDF, 0x3FFE, 0x2E6F, 0x0002, 0x2C5F, 0x2F39, 0x00FA,
    0x1118, 0x4E75, 0x0CB9, 0x0001, 0x0010, 0x00FA, 0x8208, 0x6606, 0x11EF, 0x0034, 0x8E21, 0x4CDF, 0x3FFE, 0x2E6F, 0x0002, 0x2C5F,
    0x4E73, 0x3628, 0x0008, 0xB67C, 0x0006, 0x6400, 0xFFB4, 0xC6BC, 0x0000, 0xFFFF, 0x6100, 0x0F98, 0x2A04, 0x7800, 0x3828, 0x000A,
    0xB879, 0x00FA, 0x824A, 0x6D28, 0x3E3C, 0x0005, 0x48E7, 0x7F00, 0x720C, 0x303C, 0x0446, 0x6100, 0x1094, 0x4CDF, 0x00FE, 0x4A40,
    0x6704, 0x51CF, 0xFFE8, 0x2039, 0x00FA, 0x955C, 0x6000, 0xFF96, 0x7800, 0x3E3C, 0x0005, 0x48E7, 0x7F00, 0x720C, 0x303C, 0x0446,
    0x6100, 0x106A, 0x4CDF, 0x00FE, 0x4A40, 0x6704, 0x51CF, 0xFFE8, 0x6000, 0xFF4E, 0x6100, 0x0F38, 0x2604, 0x3E3C, 0x0005, 0x48E7,
    0x7F00, 0x7204, 0x303C, 0x044C, 0x6100, 0x1042, 0x4CDF, 0x00FE, 0x4A40, 0x6704, 0x51CF, 0xFFE8, 0x6000, 0xFF26, 0x2628, 0x0008,
    0x3E3C, 0x0005, 0x48E7, 0x7F00, 0x7200, 0x303C, 0x0403, 0x6100, 0x101C, 0x4CDF, 0x00FE, 0x4A40, 0x6704, 0x51CF, 0xFFE8, 0x3F3C,
    0x0019, 0x4E41, 0x548F, 0x3F00, 0x3E3C, 0x0005, 0x48E7, 0x7F00, 0x7200, 0x303C, 0x0404, 0x6100, 0x0FF4, 0x4CDF, 0x00FE, 0x4A40,
    0x6704, 0x51CF, 0xFFE8, 0x301F, 0xC0BC, 0x0000, 0xFFFF, 0xB0B9, 0x00FA, 0x8250, 0x6600, 0xFECA, 0x3E3C, 0x0005, 0x48E7, 0x7F00,
    0x7204, 0x303C, 0x041A, 0x6100, 0x0FC4, 0x4CDF, 0x00FE, 0x4A40, 0x6704, 0x51CF, 0xFFE8, 0x6000, 0xFEA8, 0x4283, 0x2828, 0x0008,
    0x3628, 0x000C, 0x4A43, 0x664A, 0x3E3C, 0x0005, 0x48E7, 0x7F00, 0x7200, 0x303C, 0x0403, 0x6100, 0x0F94, 0x4CDF, 0x00FE, 0x4A40,
    0x6704, 0x51CF, 0xFFE8, 0x3F3C, 0x0019, 0x4E41, 0x548F, 0x2F00, 0x3E3C, 0x0005, 0x48E7, 0x7F00, 0x7200, 0x303C, 0x0404, 0x6100,
    0x0F6C, 0x4CDF, 0x00FE, 0x4A40, 0x6704, 0x51CF, 0xFFE8, 0x261F, 0x5283, 0x5383, 0xB6B9, 0x00FA, 0x8250, 0x6600, 0xFE44, 0x3E3C,
    0x0005, 0x48E7, 0x7F00, 0x7202, 0x303C, 0x0436, 0x6100, 0x0F3E, 0x4CDF, 0x00FE, 0x4A40, 0x6704, 0x51CF, 0xFFE8, 0x2039, 0x00FA,
    0x9424, 0x4A80, 0x6610, 0x4BF9, 0x00FA, 0x9428, 0x2844, 0x28DD, 0x28DD, 0x28DD, 0x28DD, 0x6000, 0xFE2C, 0x2868, 0x0008, 0x0C2C,
    0x003A, 0x0001, 0x660E, 0x1014, 0xB039, 0x00FA, 0x824F, 0x6600, 0xFDF0, 0x6058, 0x3E3C, 0x0005, 0x48E7, 0x7F00, 0x7200, 0x303C,
    0x0403, 0x6100, 0x0EE8, 0x4CDF, 0x00FE, 0x4A40, 0x6704, 0x51CF, 0xFFE8, 0x3F3C, 0x0019, 0x4E41, 0x548F, 0x3F00, 0x3E3C, 0x0005,
    0x48E7, 0x7F00, 0x7200, 0x303C, 0x0404, 0x6100, 0x0EC0, 0x4CDF, 0x00FE, 0x4A40, 0x6704, 0x51CF, 0xFFE8, 0x301F, 0xC0BC, 0x0000,
    0xFFFF, 0xB0B9, 0x00FA, 0x8250, 0x6600, 0xFD96, 0x3C3C, 0x0005, 0x48E7, 0x7E08, 0x303C, 0x0439, 0x2C3C, 0x0000, 0x0100, 0x6100,
    0x0F8C, 0x4CDF, 0x107E, 0x4A40, 0x6704, 0x51CE, 0xFFE4, 0x3039, 0x00FA, 0x93DC, 0x48C0, 0x6000, 0xFD8C, 0x2868, 0x0008, 0x0C2C,
    0x003A, 0x0001, 0x660E, 0x1014, 0xB039, 0x00FA, 0x824F, 0x6600, 0xFD50, 0x6058, 0x3E3C, 0x0005, 0x48E7, 0x7F00, 0x7200, 0x303C,
    0x0403, 0x6100, 0x0E48, 0x4CDF, 0x00FE, 0x4A40, 0x6704, 0x51CF, 0xFFE8, 0x3F3C, 0x0019, 0x4E41, 0x548F, 0x3F00, 0x3E3C, 0x0005,
    0x48E7, 0x7F00, 0x7200, 0x303C, 0x0404, 0x6100, 0x0E20, 0x4CDF, 0x00FE, 0x4A40, 0x6704, 0x51CF, 0xFFE8, 0x301F, 0xC0BC, 0x0000,
    0xFFFF, 0xB0B9, 0x00FA, 0x8250, 0x6600, 0xFCF6, 0x3C3C, 0x0005, 0x48E7, 0x7E08, 0x303C, 0x043A, 0x2C3C, 0x0000, 0x0100, 0x6100,
    0x0EEC, 0x4CDF, 0x107E, 0x4A40, 0x6704, 0x51CE, 0xFFE4, 0x3039, 0x00FA, 0x93E0, 0x48C0, 0x6000, 0xFCEC, 0x2868, 0x0008, 0x3E3C,
    0x0005, 0x48E7, 0x7F00, 0x7200, 0x303C, 0x0403, 0x6100, 0x0DBE, 0x4CDF, 0x00FE, 0x4A40, 0x6704, 0x51CF, 0xFFE8, 0x3F3C, 0x0019,
    0x4E41, 0x548F, 0x3F00, 0x3E3C, 0x0005, 0x48E7, 0x7F00, 0x7200, 0x303C, 0x0404, 0x6100, 0x0D96, 0x4CDF, 0x00FE, 0x4A40, 0x6704,
    0x51CF, 0xFFE8, 0x301F, 0xC0BC, 0x0000, 0xFFFF, 0xB0B9, 0x00FA, 0x8250, 0x6600, 0xFC6C, 0x3C3C, 0x0005, 0x48E7, 0x7E08, 0x303C,
    0x043B, 0x2C3C, 0x0000, 0x0100, 0x6100, 0x0E62, 0x4CDF, 0x107E, 0x4A40, 0x6704, 0x51CE, 0xFFE4, 0x3039, 0x00FA, 0x83C0, 0x48C0,
    0x6000, 0xFC62, 0x4283, 0x2868, 0x0008, 0x3628, 0x000C, 0x4A43, 0x670C, 0x5383, 0xB6B9, 0x00FA, 0x8250, 0x6600, 0xFC24, 0x3E3C,
    0x0005, 0x48E7, 0x7F00, 0x7202, 0x303C, 0x0447, 0x6100, 0x0D1E, 0x4CDF, 0x00FE, 0x4A40, 0x6704, 0x51CF, 0xFFE8, 0x303C, 0x007F,
    0x4BF9, 0x00FA, 0x8308, 0x4A15, 0x6706, 0x18DD, 0x51C8, 0xFFF8, 0x18BC, 0x0000, 0x303C, 0x0000, 0x48C0, 0x6000, 0xFC08, 0x2868,
    0x0008, 0x3628, 0x000C, 0x0C2C, 0x003A, 0x0001, 0x660E, 0x1014, 0xB039, 0x00FA, 0x824F, 0x6600, 0xFBC8, 0x6058, 0x3E3C, 0x0005,
    0x48E7, 0x7F00, 0x7200, 0x303C, 0x0403, 0x6100, 0x0CC0, 0x4CDF, 0x00FE, 0x4A40, 0x6704, 0x51CF, 0xFFE8, 0x3F3C, 0x0019, 0x4E41,
    0x548F, 0x3F00, 0x3E3C, 0x0005, 0x48E7, 0x7F00, 0x7200, 0x303C, 0x0404, 0x6100, 0x0C98, 0x4CDF, 0x00FE, 0x4A40, 0x6704, 0x51CF,
    0xFFE8, 0x301F, 0xC0BC, 0x0000, 0xFFFF, 0xB0B9, 0x00FA, 0x8250, 0x6600, 0xFB6E, 0x6100, 0x0B58, 0x3C3C, 0x0005, 0x48E7, 0x7E08,
    0x303C, 0x043D, 0x2C3C, 0x0000, 0x0100, 0x6100, 0x0D60, 0x4CDF, 0x107E, 0x4A40, 0x6704, 0x51CE, 0xFFE4, 0x2039, 0x00FA, 0x83C4,
    0x6000, 0xFB62, 0x3628, 0x0008, 0xC6BC, 0x0000, 0xFFFF, 0x3403, 0x6100, 0x0B4E, 0xB443, 0x6726, 0x3602, 0x4284, 0x3E3C, 0x0005,
    0x48E7, 0x7F00, 0x720C, 0x303C, 0x0446, 0x6100, 0x0C20, 0x4CDF, 0x00FE, 0x4A40, 0x6704, 0x51CF, 0xFFE8, 0x6000, 0xFB04, 0xB679,
    0x00FA, 0x824A, 0x6D00, 0xFAFA, 0x3E3C, 0x0005, 0x48E7, 0x7F00, 0x7202, 0x303C, 0x043E, 0x6100, 0x0BF4, 0x4CDF, 0x00FE, 0x4A40,
    0x6704, 0x51CF, 0xFFE8, 0x3039, 0x00FA, 0x93D8, 0x48C0, 0x6000, 0xFAF4, 0x2868, 0x0008, 0x3628, 0x000C, 0x0C2C, 0x003A, 0x0001,
    0x660E, 0x1014, 0xB039, 0x00FA, 0x824F, 0x6600, 0xFAB4, 0x6058, 0x3E3C, 0x0005, 0x48E7, 0x7F00, 0x7200, 0x303C, 0x0403, 0x6100,
    0x0BAC, 0x4CDF, 0x00FE, 0x4A40, 0x6704, 0x51CF, 0xFFE8, 0x3F3C, 0x0019, 0x4E41, 0x548F, 0x3F00, 0x3E3C, 0x0005, 0x48E7, 0x7F00,
    0x7200, 0x303C, 0x0404, 0x6100, 0x0B84, 0x4CDF, 0x00FE, 0x4A40, 0x6704, 0x51CF, 0xFFE8, 0x301F, 0xC0BC, 0x0000, 0xFFFF, 0xB0B9,
    0x00FA, 0x8250, 0x6600, 0xFA5A, 0x6100, 0x0A44, 0x3C3C, 0x0005, 0x48E7, 0x7E08, 0x303C, 0x043C, 0x2C3C, 0x0000, 0x0100, 0x6100,
    0x0C4C, 0x4CDF, 0x107E, 0x4A40, 0x6704, 0x51CE, 0xFFE4, 0x3039, 0x00FA, 0x9404, 0x48C0, 0x6000, 0xFA4C, 0x2868, 0x0008, 0x0C2C,
    0x003A, 0x0001, 0x660E, 0x1014, 0xB039, 0x00FA, 0x824F, 0x6600, 0xFA10, 0x6058, 0x3E3C, 0x0005, 0x48E7, 0x7F00, 0x7200, 0x303C,
    0x0403, 0x6100, 0x0B08, 0x4CDF, 0x00FE, 0x4A40, 0x6704, 0x51CF, 0xFFE8, 0x3F3C, 0x0019, 0x4E41, 0x548F, 0x3F00, 0x3E3C, 0x0005,
    0x48E7, 0x7F00, 0x7200, 0x303C, 0x0404, 0x6100, 0x0AE0, 0x4CDF, 0x00FE, 0x4A40, 0x6704, 0x51CF, 0xFFE8, 0x301F, 0xC0BC, 0x0000,
    0xFFFF, 0xB0B9, 0x00FA, 0x8250, 0x6600, 0xF9B6, 0x3C3C, 0x0005, 0x48E7, 0x7E08, 0x303C, 0x0441, 0x2C3C, 0x0000, 0x0100, 0x6100,
    0x0BAC, 0x4CDF, 0x107E, 0x4A40, 0x6704, 0x51CE, 0xFFE4, 0x3039, 0x00FA, 0x9408, 0x48C0, 0x6000, 0xF9AC, 0x2A68, 0x000A, 0x2C68,
    0x000E, 0x0C2C, 0x003A, 0x0001, 0x660E, 0x1014, 0xB039, 0x00FA, 0x824F, 0x6600, 0xF96C, 0x6058, 0x3E3C, 0x0005, 0x48E7, 0x7F00,
    0x7200, 0x303C, 0x0403, 0x6100, 0x0A64, 0x4CDF, 0x00FE, 0x4A40, 0x6704, 0x51CF, 0xFFE8, 0x3F3C, 0x0019, 0x4E41, 0x548F, 0x3F00,
    0x3E3C, 0x0005, 0x48E7, 0x7F00, 0x7200, 0x303C, 0x0404, 0x6100, 0x0A3C, 0x4CDF, 0x00FE, 0x4A40, 0x6704, 0x51CF, 0xFFE8, 0x301F,
    0xC0BC, 0x0000, 0xFFFF, 0xB0B9, 0x00FA, 0x8250, 0x6600, 0xF912, 0x4FEF, 0xFF00, 0x284F, 0x363C, 0x007F, 0x18DD, 0x51CB, 0xFFFC,
    0x363C, 0x007F, 0x18DE, 0x51CB, 0xFFFC, 0x284F, 0x3C3C, 0x0005, 0x48E7, 0x7E08, 0x303C, 0x0456, 0x2C3C, 0x0000, 0x0100, 0x6100,
    0x0AEC, 0x4CDF, 0x107E, 0x4A40, 0x6704, 0x51CE, 0xFFE4, 0x4FEF, 0x0100, 0x2039, 0x00FA, 0x9414, 0x6000, 0xF8EA, 0x2828, 0x0008,
    0x3628, 0x000C, 0x3A28, 0x000E, 0x6100, 0x08D6, 0xB679, 0x00FA, 0x824A, 0x6D00, 0xF8AC, 0x3E3C, 0x0005, 0x48E7, 0x7F00, 0x720C,
    0x303C, 0x0442, 0x6100, 0x09A6, 0x4CDF, 0x00FE, 0x4A40, 0x6704, 0x51CF, 0xFFE8, 0x2039, 0x00FA, 0x940C, 0x6000, 0xF8A8, 0x2868,
    0x0008, 0x3628, 0x000C, 0x3828, 0x000E, 0x0C2C, 0x003A, 0x0001, 0x660E, 0x1014, 0xB039, 0x00FA, 0x824F, 0x6600, 0xF864, 0x6058,
    0x3E3C, 0x0005, 0x48E7, 0x7F00, 0x7200, 0x303C, 0x0403, 0x6100, 0x095C, 0x4CDF, 0x00FE, 0x4A40, 0x6704, 0x51CF, 0xFFE8, 0x3F3C,
    0x0019, 0x4E41, 0x548F, 0x3F00, 0x3E3C, 0x0005, 0x48E7, 0x7F00, 0x7200, 0x303C, 0x0404, 0x6100, 0x0934, 0x4CDF, 0x00FE, 0x4A40,
    0x6704, 0x51CF, 0xFFE8, 0x301F, 0xC0BC, 0x0000, 0xFFFF, 0xB0B9, 0x00FA, 0x8250, 0x6600, 0xF80A, 0x3C3C, 0x0005, 0x48E7, 0x7E08,
    0x303C, 0x0443, 0x2C3C, 0x0000, 0x0080, 0x6100, 0x0A00, 0x4CDF, 0x107E, 0x4A40, 0x6704, 0x51CE, 0xFFE4, 0x2039, 0x00FA, 0x9410,
    0x6000, 0xF802, 0x3628, 0x000C, 0xC6BC, 0x0000, 0xFFFF, 0xB679, 0x00FA, 0x824A, 0x6D00, 0xF7CA, 0x2803, 0x3628, 0x000E, 0xC6BC,
    0x0000, 0xFFFF, 0x2868, 0x0008, 0x2A2C, 0x0000, 0x48E7, 0x1008, 0x3E3C, 0x0005, 0x48E7, 0x7F00, 0x7210, 0x303C, 0x0457, 0x6100,
    0x08AC, 0x4CDF, 0x00FE, 0x4A40, 0x6704, 0x51CF, 0xFFE8, 0x4CDF, 0x1008, 0x4A43, 0x662C, 0x4AB9, 0x00FA, 0x9420, 0x6624, 0x4DF9,
    0x00FA, 0x941C, 0x196E, 0x0002, 0x0000, 0x196E, 0x0003, 0x0001, 0x4DF9, 0x00FA, 0x9418, 0x196E, 0x0002, 0x0002, 0x196E, 0x0003,
    0x0003, 0x2039, 0x00FA, 0x9420, 0x6000, 0xF77A, 0x3628, 0x0008, 0x2828, 0x000A, 0x2868, 0x000E, 0x6100, 0x0766, 0xB679, 0x00FA,
    0x824A, 0x6D00, 0xF73C, 0x6104, 0x6000, 0xF75A, 0x2A04, 0x4286, 0x2A79, 0x0000, 0x04C6, 0x48ED, 0x00F8, 0x0100, 0x3E3C, 0x0005,
    0x48E7, 0x7F00, 0x720C, 0x303C, 0x0481, 0x6100, 0x0820, 0x4CDF, 0x00FE, 0x4A40, 0x6704, 0x51CF, 0xFFE8, 0x2A79, 0x0000, 0x04C6,
    0x4CED, 0x00F8, 0x0100, 0x4A40, 0x6706, 0x70A3, 0x6000, 0x00CE, 0x2039, 0x00FA, 0x83C8, 0x6B00, 0x00C4, 0x4A80, 0x6700, 0x00BC,
    0x2A79, 0x0000, 0x04C6, 0x48ED, 0x00C0, 0x0100, 0x4BF9, 0x00FA, 0x83CC, 0x2E0C, 0x0807, 0x0000, 0x670E, 0x2E00, 0x5387, 0x18DD,
    0x51CF, 0xFFFC, 0x6000, 0x0078, 0x2E00, 0xE28F, 0x0807, 0x0000, 0x6712, 0x5387, 0x38DD, 0x51CF, 0xFFFC, 0x0800, 0x0000, 0x675E,
    0x18DD, 0x605A, 0xE28F, 0x4A87, 0x674E, 0x5387, 0xBEBC, 0x0000, 0x0008, 0x6D32, 0x2C07, 0xE68E, 0xCEBC, 0x0000, 0x0007, 0x5386,
    0x28DD, 0x28DD, 0x28DD, 0x28DD, 0x28DD, 0x28DD, 0x28DD, 0x28DD, 0x51CE, 0xFFEE, 0xBEBC, 0x0000, 0x0004, 0x6D0A, 0x28DD, 0x28DD,
    0x28DD, 0x28DD, 0x5987, 0x28DD, 0x51CF, 0xFFFC, 0x2E00, 0xCEBC, 0x0000, 0x0003, 0x6708, 0x5387, 0x18DD, 0x51CF, 0xFFFC, 0x2A79,
    0x0000, 0x04C6, 0x4CED, 0x00C0, 0x0100, 0xDC80, 0xB0BC, 0x0000, 0x1000, 0x6606, 0x9A80, 0x6E00, 0xFEF8, 0x2006, 0x4E75, 0x3628,
    0x0008, 0x2828, 0x000A, 0x2868, 0x000E, 0x6100, 0x0634, 0xB679, 0x00FA, 0x824A, 0x6D00, 0xF60A, 0x6104, 0x6000, 0xF628, 0x4A84,
    0x6604, 0x7000, 0x4E75, 0x4286, 0x2A04, 0xBABC, 0x0000, 0x0400, 0x6F06, 0x2A3C, 0x0000, 0x0400, 0x2239, 0x00FA, 0x93D0, 0x3E3C,
    0x0005, 0x48E7, 0x7F08, 0x303C, 0x0488, 0x2C05, 0x2801, 0x6100, 0x07DC, 0x4CDF, 0x10FE, 0x4A40, 0x6708, 0x51CF, 0xFFE6, 0x70A4,
    0x4E75, 0x2439, 0x00FA, 0x93CC, 0x4A82, 0x6F10, 0xD9C2, 0xDC82, 0x9882, 0x6704, 0x6A00, 0xFFB2, 0x2006, 0x4E75, 0x4A86, 0x66F8,
    0x2002, 0x4E75, 0x2868, 0x0008, 0x3828, 0x000C, 0x0C2C, 0x003A, 0x0001, 0x6600, 0x0010, 0x1014, 0xB039, 0x00FA, 0x824F, 0x675C,
    0x6000, 0xF57E, 0x3E3C, 0x0005, 0x48E7, 0x7F00, 0x7200, 0x303C, 0x0403, 0x6100, 0x0678, 0x4CDF, 0x00FE, 0x4A40, 0x6704, 0x51CF,
    0xFFE8, 0x3F3C, 0x0019, 0x4E41, 0x548F, 0x3F00, 0x3E3C, 0x0005, 0x48E7, 0x7F00, 0x7200, 0x303C, 0x0404, 0x6100, 0x0650, 0x4CDF,
    0x00FE, 0x4A40, 0x6704, 0x51CF, 0xFFE8, 0x301F, 0xC0BC, 0x0000, 0xFFFF, 0xB0B9, 0x00FA, 0x8250, 0x6600, 0xF526, 0x3E3C, 0x0005,
    0x48E7, 0x7F00, 0x7200, 0x303C, 0x0403, 0x6100, 0x0620, 0x4CDF, 0x00FE, 0x4A40, 0x6704, 0x51CF, 0xFFE8, 0x3F3C, 0x002F, 0x4E41,
    0x548F, 0x2F00, 0x3E3C, 0x0005, 0x48E7, 0x7F00, 0x7200, 0x303C, 0x0404, 0x6100, 0x05F8, 0x4CDF, 0x00FE, 0x4A40, 0x6704, 0x51CF,
    0xFFE8, 0x2617, 0x2A04, 0x6100, 0x04C6, 0xC945, 0x3C3C, 0x0005, 0x48E7, 0x7E08, 0x303C, 0x044E, 0x2C3C, 0x0000, 0x00C0, 0x6100,
    0x06CC, 0x4CDF, 0x107E, 0x4A40, 0x6704, 0x51CE, 0xFFE4, 0x2A5F, 0x3039, 0x00FA, 0x8388, 0x4A40, 0x6614, 0x49F9, 0x00FA, 0x838C,
    0x742B, 0x1ADC, 0x51CA, 0xFFFC, 0x7000, 0x6000, 0xF4B8, 0x2F00, 0x260D, 0x2B7C, 0xAA55, 0x5344, 0x0002, 0x3E3C, 0x0005, 0x48E7,
    0x7F00, 0x7204, 0x303C, 0x048B, 0x6100, 0x0582, 0x4CDF, 0x00FE, 0x4A40, 0x6704, 0x51CF, 0xFFE8, 0x201F, 0x48C0, 0x6000, 0xF486,
    0x3E3C, 0x0005, 0x48E7, 0x7F00, 0x7200, 0x303C, 0x0403, 0x6100, 0x055C, 0x4CDF, 0x00FE, 0x4A40, 0x6704, 0x51CF, 0xFFE8, 0x3F3C,
    0x002F, 0x4E41, 0x548F, 0x2F00, 0x3E3C, 0x0005, 0x48E7, 0x7F00, 0x7200, 0x303C, 0x0404, 0x6100, 0x0534, 0x4CDF, 0x00FE, 0x4A40,
    0x6704, 0x51CF, 0xFFE8, 0x2057, 0x0CA8, 0xAA55, 0x5344, 0x0002, 0x6600, 0x0026, 0x2617, 0x3E3C, 0x0005, 0x48E7, 0x7F00, 0x7204,
    0x303C, 0x044F, 0x6100, 0x0506, 0x4CDF, 0x00FE, 0x4A40, 0x6704, 0x51CF, 0xFFE8, 0x6000, 0xFF38, 0x201F, 0x6000, 0xF3E4, 0x3028,
    0x0008, 0xB07C, 0x0000, 0x6708, 0xB07C, 0x0003, 0x6600, 0xF3D2, 0x2608, 0x2868, 0x000A, 0x0C2C, 0x003A, 0x0001, 0x660E, 0x1014,
    0xB039, 0x00FA, 0x824F, 0x6600, 0xF3B8, 0x6058, 0x3E3C, 0x0005, 0x48E7, 0x7F00, 0x7200, 0x303C, 0x0403, 0x6100, 0x04B0, 0x4CDF,
    0x00FE, 0x4A40, 0x6704, 0x51CF, 0xFFE8, 0x3F3C, 0x0019, 0x4E41, 0x548F, 0x3F00, 0x3E3C, 0x0005, 0x48E7, 0x7F00, 0x7200, 0x303C,
    0x0404, 0x6100, 0x0488, 0x4CDF, 0x00FE, 0x4A40, 0x6704, 0x51CF, 0xFFE8, 0x301F, 0xC0BC, 0x0000, 0xFFFF, 0xB0B9, 0x00FA, 0x8250,
    0x6600, 0xF35E, 0x2843, 0x3C3C, 0x0005, 0x48E7, 0x7E08, 0x303C, 0x044B, 0x2C3C, 0x0000, 0x0020, 0x6100, 0x0552, 0x4CDF, 0x107E,
    0x4A40, 0x6704, 0x51CE, 0xFFE4, 0x0C79, 0x0000, 0x00FA, 0x9448, 0x670C, 0x0C79, 0x0003, 0x00FA, 0x9448, 0x6600, 0xF324, 0x2879,
    0x00FA, 0x9450, 0x4243, 0x6100, 0x0306, 0x3C3C, 0x0005, 0x48E7, 0x7E08, 0x303C, 0x043D, 0x2C3C, 0x0000, 0x0100, 0x6100, 0x050E,
    0x4CDF, 0x107E, 0x4A40, 0x6704, 0x51CE, 0xFFE4, 0x2039, 0x00FA, 0x83C4, 0x6B00, 0x029A, 0x3600, 0x283C, 0x0000, 0x001C, 0x2879,
    0x0000, 0x04C6, 0x49EC, 0x0200, 0x6100, 0xFBA2, 0x2879, 0x0000, 0x04C6, 0x49EC, 0x0200, 0xB0BC, 0x0000, 0x001C, 0x6600, 0x0274,
    0x0C6C, 0x601A, 0x0000, 0x6600, 0x026A, 0x3C3C, 0x0005, 0x48E7, 0x7E08, 0x303C, 0x0484, 0x2C3C, 0x0000, 0x001C, 0x6100, 0x04AE,
    0x4CDF, 0x107E, 0x4A40, 0x6704, 0x51CE, 0xFFE4, 0x3E3C, 0x0005, 0x48E7, 0x7F00, 0x7200, 0x303C, 0x0403, 0x6100, 0x0390, 0x4CDF,
    0x00FE, 0x4A40, 0x6704, 0x51CF, 0xFFE8, 0x2F39, 0x00FA, 0x9458, 0x2F39, 0x00FA, 0x9454, 0x42A7, 0x3F3C, 0x0005, 0x3F3C, 0x004B,
    0x4E41, 0x4FEF, 0x0010, 0x2840, 0x3E3C, 0x0005, 0x48E7, 0x7F00, 0x7200, 0x303C, 0x0404, 0x6100, 0x0354, 0x4CDF, 0x00FE, 0x4A40,
    0x6704, 0x51CF, 0xFFE8, 0x4BF9, 0x00FA, 0x93E4, 0x262D, 0x0002, 0x282D, 0x0006, 0x2A2D, 0x000A, 0x2C2D, 0x000E, 0x2E0C, 0xDEBC,
    0x0000, 0x0100, 0x2947, 0x0008, 0x2943, 0x000C, 0xDE83, 0x2947, 0x0010, 0x2944, 0x0014, 0xDE84, 0x2947, 0x0018, 0x2945, 0x001C,
    0x2039, 0x00FA, 0x820C, 0xC0BC, 0x0000, 0xFFFF, 0xB07C, 0x1700, 0x6506, 0x296D, 0x0016, 0x0028, 0x3C3C, 0x0005, 0x48E7, 0x7E08,
    0x303C, 0x0483, 0x2C3C, 0x0000, 0x0100, 0x6100, 0x03E0, 0x4CDF, 0x107E, 0x4A40, 0x6704, 0x51CE, 0xFFE4, 0x4BF9, 0x00FA, 0x93E4,
    0x49F9, 0x00FA, 0x945C, 0x286C, 0x0008, 0x282D, 0x0002, 0xD8AD, 0x0006, 0xD8AD, 0x000E, 0xD8BC, 0x0000, 0xFFFF, 0x2639, 0x00FA,
    0x83C4, 0x6100, 0xFA68, 0x2639, 0x00FA, 0x83C4, 0x3E3C, 0x0005, 0x48E7, 0x7F00, 0x7202, 0x303C, 0x043E, 0x6100, 0x0290, 0x4CDF,
    0x00FE, 0x4A40, 0x6704, 0x51CF, 0xFFE8, 0x3039, 0x00FA, 0x93D8, 0x48C0, 0x6B00, 0x011A, 0x4BF9, 0x00FA, 0x945C, 0x2A6D, 0x0008,
    0x220D, 0x2C4D, 0x49F9, 0x00FA, 0x93E4, 0xDBEC, 0x0002, 0xDBEC, 0x0006, 0xDBEC, 0x000E, 0x4A95, 0x671A, 0x7000, 0xDDDD, 0xD396,
    0x101D, 0x6710, 0xB03C, 0x0001, 0x6606, 0xDCFC, 0x00FE, 0x60F0, 0xDCC0, 0x60EA, 0x2879, 0x00FA, 0x945C, 0x2A6C, 0x0018, 0x2A2C,
    0x001C, 0x2039, 0x00FA, 0x820C, 0xC0BC, 0x0000, 0xFFFF, 0xB07C, 0x1500, 0x650A, 0x0839, 0x0000, 0x00FA, 0x93FD, 0x6606, 0x2A2C,
    0x0004, 0x9A8D, 0x6100, 0x00DC, 0x0C79, 0x0003, 0x00FA, 0x9448, 0x6700, 0x0096, 0x2079, 0x00FA, 0x944C, 0x317C, 0x0006, 0x0008,
    0x2039, 0x00FA, 0x820C, 0xC0BC, 0x0000, 0xFFFF, 0xB07C, 0x1500, 0x6444, 0x263C, 0x0000, 0x0013, 0x226F, 0x0036, 0x2829, 0x0006,
    0x3E3C, 0x0005, 0x48E7, 0x7F00, 0x7208, 0x303C, 0x0487, 0x6100, 0x01BC, 0x4CDF, 0x00FE, 0x4A40, 0x6704, 0x51CF, 0xFFE8, 0x226F,
    0x0036, 0x237C, 0x00FA, 0x22AA, 0x0006, 0x2079, 0x00FA, 0x944C, 0x317C, 0x0004, 0x0008, 0x42A8, 0x000A, 0x2179, 0x00FA, 0x945C,
    0x000E, 0x42A8, 0x0012, 0x6000, 0xF078, 0x48E7, 0xFFFE, 0x2F39, 0x00FA, 0x945C, 0x3F3C, 0x0049, 0x4E41, 0x5C8F, 0x4CDF, 0x7FFF,
    0x2F39, 0x00FA, 0x8254, 0x4E75, 0x2039, 0x00FA, 0x945C, 0x6000, 0xF074, 0x4A80, 0x6B02, 0x70BE, 0x2F00, 0x2639, 0x00FA, 0x83C4,
    0x3E3C, 0x0005, 0x48E7, 0x7F00, 0x7202, 0x303C, 0x043E, 0x6100, 0x013C, 0x4CDF, 0x00FE, 0x4A40, 0x6704, 0x51CF, 0xFFE8, 0x201F,
    0x60CC, 0x4A85, 0x6706, 0x421D, 0x5385, 0x66FA, 0x4E75, 0x2A78, 0x04F2, 0x2A6D, 0x0008, 0x0C6D, 0x0102, 0x0002, 0x6508, 0x2A6D,
    0x0028, 0x2815, 0x4E75, 0x382D, 0x001C, 0xE24C, 0xB87C, 0x0004, 0x6706, 0x2838, 0x602C, 0x4E75, 0x2839, 0x0000, 0x873C, 0x4E75,
    0xB67C, 0x0006, 0x6432, 0x7000, 0x3003, 0xE748, 0x4BF9, 0x00FA, 0x9560, 0x2235, 0x0000, 0x6720, 0x2435, 0x0004, 0x2F04, 0x6100,
    0xFFAE, 0x700B, 0xB484, 0x6712, 0x4A84, 0x670A, 0x2A44, 0x282D, 0x0024, 0x51C8, 0xFFF0, 0x281F, 0x4E75, 0x281F, 0x3601, 0x4E75,
    0x2038, 0x05A0, 0x6700, 0x001A, 0x2040, 0x2018, 0x6700, 0x0012, 0xB0BC, 0x5F4D, 0x4348, 0x6704, 0x5848, 0x60EE, 0x2818, 0x6002,
    0x4284, 0x2F04, 0x263C, 0x0000, 0x0000, 0x3E3C, 0x0005, 0x48E7, 0x7F00, 0x7208, 0x303C, 0x0487, 0x6100, 0x0072, 0x4CDF, 0x00FE,
    0x4A40, 0x6704, 0x51CF, 0xFFE8, 0x4A40, 0x6604, 0x201F, 0x4E75, 0x281F, 0x60CE, 0x3F3C, 0x0030, 0x4E41, 0x548F, 0xC0BC, 0x0000,
    0xFFFF, 0x0C78, 0x00FC, 0x0004, 0x6608, 0x3239, 0x00FC, 0x0002, 0x6006, 0x3239, 0x00E0, 0x0002, 0xC2BC, 0x0000, 0xFFFF, 0x4841,
    0x8081, 0x263C, 0x0000, 0x0001, 0x2800, 0x3E3C, 0x0005, 0x48E7, 0x7F00, 0x7208, 0x303C, 0x0487, 0x6100, 0x0012, 0x4CDF, 0x00FE,
    0x4A40, 0x6704, 0x51CF, 0xFFE8, 0x4A40, 0x4E75, 0x2439, 0x00FA, 0x8204, 0x2478, 0x04C6, 0x2678, 0x04C6, 0x2E3C, 0x0000, 0x0024,
    0x43F9, 0x00FA, 0x250C, 0xE24F, 0x5347, 0x34D9, 0x51CF, 0xFFFC, 0x5841, 0x43F9, 0x00FA, 0x8200, 0x207C, 0x00FB, 0x0000, 0xD1FC,
    0x0000, 0x8000, 0x3E3C, 0xABCD, 0x4A30, 0x7000, 0x4287, 0xDE40, 0x4A30, 0x0000, 0xDE41, 0x4A30, 0x1000, 0x4A41, 0x6700, 0x0088,
    0xDE42, 0x4A30, 0x2000, 0xB27C, 0x0002, 0x6700, 0x007A, 0x4842, 0xDE42, 0x4A30, 0x2000, 0xB27C, 0x0004, 0x6700, 0x006A, 0xDE43,
    0x4A30, 0x3000, 0xB27C, 0x0006, 0x6700, 0x005C, 0x4843, 0xDE43, 0x4A30, 0x3000, 0xB27C, 0x0008, 0x6700, 0x004C, 0xDE44, 0x4A30,
    0x4000, 0xB27C, 0x000A, 0x6700, 0x003E, 0x4844, 0xDE44, 0x4A30, 0x4000, 0xB27C, 0x000C, 0x672E, 0xDE45, 0x4A30, 0x5000, 0xB27C,
    0x000E, 0x6722, 0x4845, 0xDE45, 0x4A30, 0x5000, 0xB27C, 0x0010, 0x6714, 0xDE46, 0x4A30, 0x6000, 0xB27C, 0x0012, 0x6708, 0x4846,
    0xDE46, 0x4A30, 0x6000, 0x4A30, 0x7000, 0x4ED3, 0x4842, 0x2E3C, 0x0006, 0xFFFF, 0x7000, 0xB491, 0x6608, 0xB4B9, 0x00FA, 0x8204,
    0x6606, 0x5387, 0x66F0, 0x5380, 0x4A40, 0x4E75, 0x2439, 0x00FA, 0x8204, 0x2478, 0x04C6, 0x2678, 0x04C6, 0x2E3C, 0x0000, 0x0024,
    0x43F9, 0x00FA, 0x2652, 0xE24F, 0x5347, 0x34D9, 0x51CF, 0xFFFC, 0xCCBC, 0x0000, 0xFFFF, 0x7210, 0xD286, 0x5281, 0xE289, 0xE389,
    0x43F9, 0x00FA, 0x8200, 0x207C, 0x00FB, 0x0000, 0xD1FC, 0x0000, 0x8000, 0x3E3C, 0xABCD, 0x4A30, 0x7000, 0x4287, 0xDE40, 0x4A30,
    0x0000, 0xDE41, 0x4A30, 0x1000, 0xDE42, 0x4A30, 0x2000, 0x4842, 0xDE42, 0x4A30, 0x2000, 0xDE43, 0x4A30, 0x3000, 0x4843, 0xDE43,
    0x4A30, 0x3000, 0xDE44, 0x4A30, 0x4000, 0x4844, 0xDE44, 0x4A30, 0x4000, 0xDE45, 0x4A30, 0x5000, 0x4845, 0xDE45, 0x4A30, 0x5000,
    0x2A06, 0x2C07, 0x4287, 0x0805, 0x0000, 0x662E, 0x5285, 0xE24D, 0x5345, 0x280C, 0x0804, 0x0000, 0x6712, 0x161C, 0xE14B, 0x161C,
    0x4A30, 0x3000, 0xDE43, 0x51CD, 0xFFF2, 0x605E, 0x381C, 0xDE44, 0x4A30, 0x4000, 0x51CD, 0xFFF6, 0x6050, 0x5285, 0xE24D, 0x280C,
    0x0804, 0x0000, 0x6726, 0x5345, 0x6712, 0x5345, 0x161C, 0xE14B, 0x161C, 0x4A30, 0x3000, 0xDE43, 0x51CD, 0xFFF2, 0x181C, 0xE14C,
    0xC87C, 0xFF00, 0xDE44, 0x4A30, 0x4000, 0x601E, 0x5345, 0x670E, 0x5345, 0x381C, 0xDE44, 0x4A30, 0x4000, 0x51CD, 0xFFF6, 0x381C,
    0xC87C, 0xFF00, 0xDE44, 0x4A30, 0x4000, 0xDC47, 0x4A30, 0x6000, 0x4ED3, 0x4842, 0x2C3C, 0x0006, 0xFFFF, 0x7000, 0xB491, 0x6608,
    0xB4B9, 0x00FA, 0x8204, 0x6606, 0x5386, 0x66F0, 0x5380, 0x4A40, 0x4E75, 0x4E71, 0x4E71, 0x4E71, 0x4E71, 0x4E71, 0x4E71, 0x4E71,
    0x4E71, 0x4E71, 0x4E71, 0x0000, 0x0000, 0x0000, 0x0000, 0x0000, 0x0000, 0x0000, 0x0000, 0x0000, 0x0000, 0x0000, 0x0000, 0x0000,
    0x0000, 0x0000, 0x0000, 0x0000, 0x0000, 0x0000, 0x0000, 0x0000, 0x0000, 0x0000, 0x0000, 0x0000, 0x0000, 0x0000, 0x0000, 0x0000,
    0x0000, 0x0000, 0x0000, 0x0000, 0x0000, 0x0000, 0x0000, 0x0000, 0x0000, 0x0000, 0x0000, 0x0000, 0x0000, 0x0000, 0x0000, 0x0000,
    0x0000, 0x0000, 0x0000, 0x0000, 0x0000, 0x0000, 0x0000, 0x0000, 0x0000, 0x0000, 0x0000, 0x0000, 0x0000, 0x0000, 0x0000, 0x0000,
    0x0000, 0x0000, 0x0000, 0x0000, 0x0000, 0x0000, 0x0000, 0x0000, 0x0000, 0x0000, 0x0000, 0x0000, 0x0000, 0x0000, 0x0000, 0x0000,
    0x0000, 0x0000, 0x0000, 0x0000, 0x0000, 0x0000, 0x0000, 0x0000, 0x0000, 0x0000, 0x0000, 0x0000, 0x0000, 0x0000, 0x0000, 0x0000,
    0x0000, 0x0000, 0x0000, 0x0000, 0x0000, 0x0000, 0x0000, 0x0000, 0x0000, 0x0000, 0x0000, 0x0000, 0x0000, 0x0000, 0x0000, 0x0000,
    0x0000, 0x0000, 0x0000, 0x0000, 0x0000, 0x0000, 0x0000, 0x0000, 0x0000, 0x0000, 0x0000, 0x0000, 0x0000, 0x0000, 0x0000, 0x0000,
    0x0000, 0x0000, 0x0000, 0x0000, 0x0000, 0x0000, 0x0000, 0x0000, 0x0000, 0x0000, 0x0000, 0x0000, 0x0000, 0x0000, 0x0000, 0x0000,
    0x0000, 0x0000, 0x0000, 0x0000, 0x0000, 0x0000, 0x0000, 0x0000, 0x0000, 0x0000, 0x0000, 0x0000, 0x0000, 0x0000, 0x0000, 0x0000,
    0x0000, 0x0000, 0x0000, 0x0000, 0x0000, 0x0000, 0x0000, 0x0000, 0x0000, 0x0000, 0x0000, 0x0000, 0x0000, 0x0000, 0x0000, 0x0000,
    0x0000, 0x0000, 0x0000, 0x0000, 0x0000, 0x0000, 0x0000, 0x0000, 0x0000, 0x0000, 0x0000, 0x0000, 0x0000, 0x0000, 0x0000, 0x0000,
    0x0000, 0x0000, 0x0000, 0x0000, 0x0000, 0x0000, 0x0000, 0x0000, 0x0000, 0x0000, 0x0000, 0x0000, 0x0000, 0x0000, 0x0000, 0x0000,
    0x0000, 0x0000, 0x0000, 0x0000, 0x0000, 0x0000, 0x0000, 0x0000, 0x0000, 0x0000, 0x0000, 0x0000, 0x0000, 0x0000, 0x0000, 0x0000,
    0x0000, 0x0000, 0x0000, 0x0000, 0x0000, 0x0000, 0x0000, 0x0000, 0x0000, 0x0000, 0x0000, 0x0000, 0x0000, 0x0000, 0x0000, 0x0000,
    0x0000, 0x0000, 0x0000, 0x0000, 0x0000, 0x0000, 0x0000, 0x0000, 0x0000, 0x0000, 0x0000, 0x0000, 0x0000, 0x0000, 0x0000, 0x0000,
    0x0000, 0x0000, 0x0000, 0x0000, 0x0000, 0x0000, 0x0000, 0x0000, 0x0000, 0x0000, 0x0000, 0x0000, 0x0000, 0x0000, 0x0000, 0x0000,
    0x0000, 0x0000, 0x0000, 0x0000, 0x0000, 0x0000, 0x0000, 0x0000, 0x0000, 0x0000, 0x0000, 0x0000, 0x0000, 0x0000, 0x0000, 0x0000,
    0x0000, 0x0000, 0x0000, 0x0000, 0x0000, 0x0000, 0x0000, 0x0000, 0x0000, 0x0000, 0x0000, 0x0000, 0x0000, 0x0000, 0x0000, 0x0000,
    0x0000, 0x0000, 0x0000, 0x0000, 0x0000, 0x0000, 0x0000, 0x0000, 0x0000, 0x0000, 0x0000, 0x0000, 0x0000, 0x0000, 0x0000, 0x0000,
    0x0000, 0x0000, 0x0000, 0x0000, 0x0000, 0x0000, 0x0000, 0x0000, 0x0000, 0x0000, 0x0000, 0x0000, 0x0000, 0x0000, 0x0000, 0x0000,
    0x0000, 0x0000, 0x0000, 0x0000, 0x0000, 0x0000, 0x0000, 0x0000, 0x0000, 0x0000, 0x0000, 0x0000, 0x0000, 0x0000, 0x0000, 0x0000,
    0x0000, 0x0000, 0x0000, 0x0000, 0x0000, 0x0000, 0x0000, 0x0000, 0x0000, 0x0000, 0x0000, 0x0000, 0x0000, 0x0000, 0x0000, 0x0000,
    0x0000, 0x0000, 0x0000, 0x0000, 0x0000, 0x0000, 0x0000, 0x0000, 0x0000, 0x0000, 0x0000, 0x0000, 0x0000, 0x0000, 0x0000, 0x0000,
    0x0000, 0x0000, 0x0000, 0x0000, 0x0000, 0x0000, 0x0000, 0x0000, 0x0000, 0x0000, 0x0000, 0x0000, 0x0000, 0x0000, 0x0000, 0x0000,
    0x0000, 0x0000, 0x0000, 0x0000, 0x0000, 0x0000, 0x0000, 0x0000, 0x0000, 0x0000, 0x0000, 0x0000, 0x0000, 0x0000, 0x0000, 0x0000,
    0x0000, 0x0000, 0x0000, 0x0000, 0x0000, 0x0000, 0x0000, 0x0000, 0x0000, 0x0000, 0x0000, 0x0000, 0x0000, 0x0000, 0x0000, 0x0000,
    0x0000, 0x0000, 0x0000, 0x0000, 0x0000, 0x0000, 0x0000, 0x0000, 0x0000, 0x0000, 0x0000, 0x0000, 0x0000, 0x0000, 0x0000, 0x0000,
    0x4AB9, 0x00FA, 0x9A14, 0x6700, 0x001A, 0x6100, 0x01A8, 0x6100, 0x06FE, 0x6100, 0x0066, 0x6100, 0x00A0, 0x6100, 0x00DA, 0x6000,
    0x0004, 0x4E75, 0x2638, 0x0472, 0x283C, 0x00FA, 0x2DC4, 0x6162, 0x6646, 0x2638, 0x047E, 0x283C, 0x00FA, 0x2E50, 0x6154, 0x6638,
    0x2638, 0x0476, 0x283C, 0x00FA, 0x2EAC, 0x6146, 0x662A, 0x21FC, 0x00FA, 0x2DC8, 0x0472, 0x21FC, 0x00FA, 0x2E54, 0x047E, 0x21FC,
    0x00FA, 0x2EB0, 0x0476, 0x0CB8, 0x00FA, 0x2D54, 0x00B4, 0x6608, 0x21F9, 0x00FA, 0x2D50, 0x00B4, 0x4E75, 0x2638, 0x00B4, 0x283C,
    0x00FA, 0x2D50, 0x610C, 0x6608, 0x21FC, 0x00FA, 0x2D54, 0x00B4, 0x4E75, 0x3E3C, 0x0005, 0x48E7, 0x7F00, 0x720C, 0x303C, 0x0207,
    0x6100, 0x06C4, 0x4CDF, 0x00FE, 0x4A40, 0x6704, 0x51CF, 0xFFE8, 0x6604, 0x2044, 0xB690, 0x4E75, 0x2638, 0x00B8, 0x3E3C, 0x0005,
    0x48E7, 0x7F00, 0x7204, 0x303C, 0x0200, 0x6100, 0x069A, 0x4CDF, 0x00FE, 0x4A40, 0x6704, 0x51CF, 0xFFE8, 0x6618, 0xB6B9, 0x00FA,
    0x9A20, 0x6610, 0x4AB9, 0x00FA, 0x9A08, 0x6708, 0x21FC, 0x00FA, 0x2BE6, 0x00B8, 0x4E75, 0x0839, 0x0000, 0x0000, 0x04A7, 0x670C,
    0x4278, 0x0446, 0x00B8, 0x0000, 0x0003, 0x04C2, 0x4278, 0x0446, 0x4267, 0x3F3C, 0x000E, 0x4E41, 0x588F, 0x31FC, 0x0002, 0x04A6,
    0x0838, 0x0000, 0x04C5, 0x6708, 0x00B8, 0x0000, 0x0001, 0x04C2, 0x0839, 0x0000, 0x00FA, 0x9A13, 0x6708, 0x00B8, 0x0000, 0x0001,
    0x04C2, 0x0838, 0x0001, 0x04C5, 0x6708, 0x00B8, 0x0000, 0x0002, 0x04C2, 0x0839, 0x0001, 0x00FA, 0x9A13, 0x6708, 0x00B8, 0x0000,
    0x0002, 0x04C2, 0x0838, 0x0000, 0x04C5, 0x6700, 0x0046, 0x0839, 0x0000, 0x00FA, 0x9A13, 0x6700, 0x003A, 0x4AB9, 0x00FA, 0x9A0C,
    0x6730, 0x7C00, 0x7800, 0x243C, 0x0000, 0x0200, 0x2878, 0x0432, 0x6100, 0x0482, 0x4A40, 0x661A, 0x2278, 0x0432, 0x2049, 0x323C,
    0x00FF, 0x4282, 0xD459, 0x51C9, 0xFFFC, 0xB47C, 0x1234, 0x6602, 0x4ED0, 0x4E75, 0x6100, 0x0504, 0x2600, 0x283C, 0x00FA, 0x2FD0,
    0x2A3C, 0x00FA, 0x2FE2, 0x3E3C, 0x0005, 0x48E7, 0x7F00, 0x720C, 0x303C, 0x0204, 0x6100, 0x0590, 0x4CDF, 0x00FE, 0x4A40, 0x6704,
    0x51CF, 0xFFE8, 0x4E75, 0x0817, 0x0005, 0x6704, 0x204F, 0x6004, 0x4E68, 0x5D88, 0x4A79, 0x0000, 0x059E, 0x6702, 0x5448, 0x3028,
    0x0006, 0xB07C, 0x0008, 0x671A, 0xB07C, 0x0009, 0x6714, 0xB07C, 0x0013, 0x670E, 0xB07C, 0x000A, 0x6708, 0x2F39, 0x00FA, 0x9A20,
    0x4E75, 0x3228, 0x0010, 0x6700, 0x0018, 0xB27C, 0x0001, 0x66EA, 0x0839, 0x0001, 0x00FA, 0x9A13, 0x67E0, 0x43FA, 0x001A, 0x6010,
    0x0839, 0x0000, 0x00FA, 0x9A13, 0x6700, 0xFFD0, 0x43FA, 0x0032, 0x6100, 0x037E, 0x4E73, 0x48E7, 0x1F1E, 0x343C, 0x0200, 0x283C,
    0x0001, 0x0001, 0x7C00, 0x3C28, 0x0014, 0xCCF9, 0x00FA, 0x9A5C, 0x7600, 0x3628, 0x0016, 0xC6F9, 0x00FA, 0x9A5E, 0x6000, 0x0028,
    0x48E7, 0x1F1E, 0x343C, 0x0200, 0x283C, 0x0001, 0x0000, 0x7C00, 0x3C28, 0x0014, 0xCCF9, 0x00FA, 0x9A3A, 0x7600, 0x3628, 0x0016,
    0xC6F9, 0x00FA, 0x9A3C, 0xB07C, 0x000A, 0x6766, 0xDC83, 0xDC68, 0x0012, 0x5346, 0x3228, 0x0018, 0x2868, 0x0008, 0xB07C, 0x0013,
    0x6714, 0x7A00, 0xB07C, 0x0009, 0x6602, 0x7A01, 0x6100, 0x02F4, 0x4CDF, 0x78F8, 0x4E75, 0x2A4C, 0x3F28, 0x0012, 0x3F01, 0x4A57,
    0x6716, 0x7201, 0x7A00, 0x284D, 0x6100, 0x02D8, 0x4A40, 0x6614, 0x5357, 0x526F, 0x0002, 0x60E6, 0x588F, 0x4255, 0x7000, 0x4CDF,
    0x78F8, 0x4E75, 0x3AEF, 0x0002, 0x4255, 0x588F, 0x4CDF, 0x78F8, 0x4E75, 0x7600, 0x3604, 0x3E3C, 0x0005, 0x48E7, 0x7F00, 0x7204,
    0x303C, 0x0208, 0x6100, 0x0440, 0x4CDF, 0x00FE, 0x4A40, 0x6704, 0x51CF, 0xFFE8, 0x4A40, 0x6704, 0x70FF, 0x6006, 0x2039, 0x00FA,
    0x9A68, 0x4CDF, 0x78F8, 0x4E75, 0x5842, 0x5241, 0x5344, 0x4645, 0x0000, 0x0000, 0x204F, 0x0817, 0x0005, 0x6604, 0x4E68, 0x5D88,
    0x4A78, 0x059E, 0x6702, 0x5448, 0x7208, 0x0C68, 0x0007, 0x0006, 0x6712, 0x0C68, 0x0009, 0x0006, 0x670A, 0x7212, 0x0C68, 0x0004,
    0x0006, 0x6630, 0x3030, 0x1000, 0xB07C, 0x0001, 0x6226, 0x0139, 0x00FA, 0x9A13, 0x671E, 0x487A, 0x001A, 0x0C68, 0x0007, 0x0006,
    0x6700, 0x002A, 0x0C68, 0x0009, 0x0006, 0x6700, 0x00AC, 0x6000, 0x0104, 0x4E73, 0x2F39, 0x00FA, 0x2D50, 0x4E75, 0x5842, 0x5241,
    0x5344, 0x4645, 0x0000, 0x0000, 0x41EF, 0xFFFC, 0x0C68, 0x0000, 0x0008, 0x6710, 0x0C68, 0x0001, 0x0008, 0x671A, 0x2F39, 0x00FA,
    0x2DC4, 0x4E75, 0x0839, 0x0000, 0x00FA, 0x9A13, 0x67EE, 0x203C, 0x00FA, 0x9A24, 0x6010, 0x0839, 0x0001, 0x00FA, 0x9A13, 0x67DC,
    0x203C, 0x00FA, 0x9A46, 0x43FA, 0x0006, 0x6000, 0x01C4, 0x2240, 0x4A51, 0x6F30, 0x4A69, 0x0002, 0x672A, 0x7400, 0x3428, 0x0008,
    0x3202, 0xE549, 0x43F9, 0x00FA, 0x9A18, 0x0CB1, 0x0000, 0x0002, 0x1000, 0x6612, 0x2F00, 0x2F04, 0x7800, 0x6100, 0x0156, 0x281F,
    0x201F, 0x4E75, 0x7000, 0x4E75, 0x5842, 0x5241, 0x5344, 0x4645, 0x0000, 0x0000, 0x41EF, 0xFFFC, 0x0C68, 0x0000, 0x0008, 0x6710,
    0x0C68, 0x0001, 0x0008, 0x671A, 0x2F39, 0x00FA, 0x2E50, 0x4E75, 0x0839, 0x0000, 0x00FA, 0x9A13, 0x67EE, 0x43FA, 0x0018, 0x6000,
    0x0150, 0x0839, 0x0001, 0x00FA, 0x9A13, 0x67DC, 0x43FA, 0x000E, 0x6000, 0x013E, 0x2039, 0x00FA, 0x9A18, 0x4E75, 0x2039, 0x00FA,
    0x9A1C, 0x4E75, 0x5842, 0x5241, 0x5344, 0x4645, 0x0000, 0x0000, 0x41EF, 0xFFFC, 0x0C68, 0x0000, 0x0012, 0x6710, 0x0C68, 0x0001,
    0x0012, 0x6716, 0x2F39, 0x00FA, 0x2EAC, 0x4E75, 0x0839, 0x0000, 0x00FA, 0x9A13, 0x67EE, 0x7400, 0x600C, 0x0839, 0x0001, 0x00FA,
    0x9A13, 0x67E0, 0x7401, 0x43FA, 0x0006, 0x6000, 0x00E4, 0x4AA8, 0x000A, 0x6618, 0x2F04, 0x7800, 0x0C68, 0x0002, 0x000E, 0x6602,
    0x7802, 0x6100, 0x008E, 0x281F, 0x7000, 0x4E75, 0x0C68, 0x0002, 0x0008, 0x6C18, 0x3202, 0xE549, 0x43F9, 0x00FA, 0x9A18, 0x0CB1,
    0x0000, 0x0002, 0x1000, 0x6604, 0x70F2, 0x4E75, 0x48E7, 0x1F1E, 0x2802, 0x343C, 0x0200, 0x2A48, 0x3C2D, 0x0010, 0x322D, 0x000E,
    0x286D, 0x000A, 0x3A2D, 0x0008, 0xCABC, 0x0000, 0x0001, 0x6100, 0x0072, 0x4A80, 0x6736, 0x2F02, 0x3F04, 0x3F00, 0x2078, 0x0404,
    0x4E90, 0x588F, 0x241F, 0xB0BC, 0x0001, 0x0000, 0x661E, 0x0C6D, 0x0002, 0x0008, 0x6CC2, 0x3004, 0xE548, 0x41F9, 0x00FA, 0x9A18,
    0x0CB0, 0x0000, 0x0002, 0x0000, 0x66AE, 0x70F2, 0x4CDF, 0x78F8, 0x4E75, 0x48E7, 0x11F0, 0x263C, 0x0000, 0x0604, 0xD682, 0x3E3C,
    0x0005, 0x48E7, 0x7F00, 0x7208, 0x303C, 0x0205, 0x6100, 0x01B8, 0x4CDF, 0x00FE, 0x4A40, 0x6704, 0x51CF, 0xFFE8, 0x4CDF, 0x0F88,
    0x4E75, 0x4A45, 0x6600, 0x0006, 0x611E, 0x6002, 0x6130, 0x4E75, 0x1F38, 0x8E21, 0x08B8, 0x0000, 0x8E21, 0x4E71, 0x4E71, 0x4E71,
    0x4E91, 0x11DF, 0x8E21, 0x4E75, 0x7000, 0x4A41, 0x670E, 0x5341, 0x6122, 0x4A40, 0x6606, 0x5246, 0x51C9, 0xFFF6, 0x4E75, 0x7000,
    0x4A41, 0x670E, 0x5341, 0x6174, 0x4A40, 0x6606, 0x5246, 0x51C9, 0xFFF6, 0x4E75, 0x3A3C, 0x0005, 0x48E7, 0x6000, 0x3606, 0x4843,
    0x3602, 0x7208, 0x203C, 0x0000, 0x0201, 0x6100, 0x013A, 0x4843, 0x4844, 0x4CDF, 0x0006, 0x4A40, 0x6704, 0x51CD, 0xFFDC, 0x4A40,
    0x6626, 0x2039, 0x00FA, 0x9A68, 0x6620, 0x3A02, 0x227C, 0x00FA, 0x9B20, 0xE44D, 0x5345, 0x260C, 0x0803, 0x0000, 0x660E, 0x28D9,
    0x51CD, 0xFFFC, 0x7000, 0x4E75, 0x70FF, 0x4E75, 0x18D9, 0x18D9, 0x18D9, 0x18D9, 0x51CD, 0xFFF6, 0x7000, 0x4E75, 0x3A3C, 0x0005,
    0x48E7, 0x7E08, 0x3606, 0x4843, 0x3602, 0x2A0C, 0x7C00, 0x3C02, 0x203C, 0x0000, 0x0202, 0x6100, 0x01CE, 0x4CDF, 0x107E, 0x4A40,
    0x6706, 0x51CD, 0xFFDC, 0x4E75, 0x2039, 0x00FA, 0x9A68, 0x66F6, 0xC4BC, 0x0000, 0xFFFF, 0xD9C2, 0x4E75, 0x2038, 0x05A0, 0x6700,
    0x001A, 0x2040, 0x2018, 0x6700, 0x0012, 0xB0BC, 0x5F4D, 0x4348, 0x6704, 0x5848, 0x60EE, 0x2818, 0x6002, 0x4284, 0x2F04, 0x263C,
    0x0000, 0x0000, 0x3E3C, 0x0005, 0x48E7, 0x7F00, 0x7208, 0x303C, 0x0205, 0x6100, 0x0072, 0x4CDF, 0x00FE, 0x4A40, 0x6704, 0x51CF,
    0xFFE8, 0x4A40, 0x6604, 0x201F, 0x4E75, 0x281F, 0x60CE, 0x3F3C, 0x0030, 0x4E41, 0x548F, 0xC0BC, 0x0000, 0xFFFF, 0x0C78, 0x00FC,
    0x0004, 0x6608, 0x3239, 0x00FC, 0x0002, 0x6006, 0x3239, 0x00E0, 0x0002, 0xC2BC, 0x0000, 0xFFFF, 0x4841, 0x8081, 0x263C, 0x0000,
    0x0001, 0x2800, 0x3E3C, 0x0005, 0x48E7, 0x7F00, 0x7208, 0x303C, 0x0205, 0x6100, 0x0012, 0x4CDF, 0x00FE, 0x4A40, 0x6704, 0x51CF,
    0xFFE8, 0x4A40, 0x4E75, 0x2439, 0x00FA, 0x8204, 0x2478, 0x04C6, 0x2678, 0x04C6, 0x2E3C, 0x0000, 0x0024, 0x43F9, 0x00FA, 0x3246,
    0xE24F, 0x5347, 0x34D9, 0x51CF, 0xFFFC, 0x5841, 0x43F9, 0x00FA, 0x8200, 0x207C, 0x00FB, 0x0000, 0xD1FC, 0x0000, 0x8000, 0x3E3C,
    0xABCD, 0x4A30, 0x7000, 0x4287, 0xDE40, 0x4A30, 0x0000, 0xDE41, 0x4A30, 0x1000, 0x4A41, 0x6700, 0x0088, 0xDE42, 0x4A30, 0x2000,
    0xB27C, 0x0002, 0x6700, 0x007A, 0x4842, 0xDE42, 0x4A30, 0x2000, 0xB27C, 0x0004, 0x6700, 0x006A, 0xDE43, 0x4A30, 0x3000, 0xB27C,
    0x0006, 0x6700, 0x005C, 0x4843, 0xDE43, 0x4A30, 0x3000, 0xB27C, 0x0008, 0x6700, 0x004C, 0xDE44, 0x4A30, 0x4000, 0xB27C, 0x000A,
    0x6700, 0x003E, 0x4844, 0xDE44, 0x4A30, 0x4000, 0xB27C, 0x000C, 0x672E, 0xDE45, 0x4A30, 0x5000, 0xB27C, 0x000E, 0x6722, 0x4845,
    0xDE45, 0x4A30, 0x5000, 0xB27C, 0x0010, 0x6714, 0xDE46, 0x4A30, 0x6000, 0xB27C, 0x0012, 0x6708, 0x4846, 0xDE46, 0x4A30, 0x6000,
    0x4A30, 0x7000, 0x4ED3, 0x4842, 0x2E3C, 0x0006, 0xFFFF, 0x7000, 0xB491, 0x6608, 0xB4B9, 0x00FA, 0x8204, 0x6606, 0x5387, 0x66F0,
    0x5380, 0x4A40, 0x4E75, 0x2439, 0x00FA, 0x8204, 0x2478, 0x04C6, 0x2678, 0x04C6, 0x2E3C, 0x0000, 0x0024, 0x43F9, 0x00FA, 0x338C,
    0xE24F, 0x5347, 0x34D9, 0x51CF, 0xFFFC, 0xCCBC, 0x0000, 0xFFFF, 0x7210, 0xD286, 0x5281, 0xE289, 0xE389, 0x43F9, 0x00FA, 0x8200,
    0x207C, 0x00FB, 0x0000, 0xD1FC, 0x0000, 0x8000, 0x3E3C, 0xABCD, 0x4A30, 0x7000, 0x4287, 0xDE40, 0x4A30, 0x0000, 0xDE41, 0x4A30,
    0x1000, 0xDE42, 0x4A30, 0x2000, 0x4842, 0xDE42, 0x4A30, 0x2000, 0xDE43, 0x4A30, 0x3000, 0x4843, 0xDE43, 0x4A30, 0x3000, 0xDE44,
    0x4A30, 0x4000, 0x4844, 0xDE44, 0x4A30, 0x4000, 0xDE45, 0x4A30, 0x5000, 0x4845, 0xDE45, 0x4A30, 0x5000, 0x2A06, 0x2C07, 0x4287,
    0x0805, 0x0000, 0x662E, 0x5285, 0xE24D, 0x5345, 0x280C, 0x0804, 0x0000, 0x6712, 0x161C, 0xE14B, 0x161C, 0x4A30, 0x3000, 0xDE43,
    0x51CD, 0xFFF2, 0x605E, 0x381C, 0xDE44, 0x4A30, 0x4000, 0x51CD, 0xFFF6, 0x6050, 0x5285, 0xE24D, 0x280C, 0x0804, 0x0000, 0x6726,
    0x5345, 0x6712, 0x5345, 0x161C, 0xE14B, 0x161C, 0x4A30, 0x3000, 0xDE43, 0x51CD, 0xFFF2, 0x181C, 0xE14C, 0xC87C, 0xFF00, 0xDE44,
    0x4A30, 0x4000, 0x601E, 0x5345, 0x670E, 0x5345, 0x381C, 0xDE44, 0x4A30, 0x4000, 0x51CD, 0xFFF6, 0x381C, 0xC87C, 0xFF00, 0xDE44,
    0x4A30, 0x4000, 0xDC47, 0x4A30, 0x6000, 0x4ED3, 0x4842, 0x2C3C, 0x0006, 0xFFFF, 0x7000, 0xB491, 0x6608, 0xB4B9, 0x00FA, 0x8204,
    0x6606, 0x5386, 0x66F0, 0x5380, 0x4A40, 0x4E75, 0x4E71, 0x4E71, 0x4E71, 0x4E71, 0x4E71, 0x4E71, 0x4E71, 0x4E71, 0x0000, 0x0000,
    0x0000, 0x0000, 0x0000, 0x0000, 0x0000, 0x0000, 0x0000, 0x0000, 0x0000, 0x0000, 0x0000, 0x0000, 0x0000, 0x0000, 0x0000, 0x0000,
    0x0000, 0x0000, 0x0000, 0x0000, 0x0000, 0x0000, 0x0000, 0x0000, 0x0000, 0x0000, 0x0000, 0x0000, 0x0000, 0x0000, 0x0000, 0x0000,
    0x4AB9, 0x00FA, 0xA208, 0x6700, 0x0082, 0x6100, 0x01D8, 0x6100, 0x0228, 0x3E3C, 0x0005, 0x48E7, 0x7F00, 0x7200, 0x303C, 0x0301,
    0x6100, 0x026E, 0x4CDF, 0x00FE, 0x4A40, 0x6704, 0x51CF, 0xFFE8, 0x4A40, 0x6600, 0x0058, 0x4AB9, 0x00FA, 0xA234, 0x670A, 0x6100,
    0x0062, 0x4A40, 0x6600, 0x0046, 0x4879, 0x00FA, 0xA220, 0x3F3C, 0x0006, 0x3F3C, 0x0019, 0x4E4E, 0x508F, 0x2039, 0x00FA, 0xA228,
    0x6100, 0x012E, 0x4A40, 0x6600, 0x0024, 0x3F3C, 0x0017, 0x4E4E, 0x548F, 0x4AB9, 0x00FA, 0xA234, 0x6706, 0xD0BC, 0x3C00, 0x0000,
    0x2F00, 0x3F3C, 0x0016, 0x4E4E, 0x5C8F, 0x4E75, 0x4879, 0x00FA, 0x35BA, 0x3F3C, 0x0009, 0x4E41, 0x3F3C, 0x0007, 0x4E41, 0x508F,
    0x4E75, 0x2638, 0x00B8, 0x3E3C, 0x0005, 0x48E7, 0x7F00, 0x7204, 0x303C, 0x0302, 0x6100, 0x01DA, 0x4CDF, 0x00FE, 0x4A40, 0x6704,
    0x51CF, 0xFFE8, 0x4A40, 0x660A, 0x21FC, 0x00FA, 0x34D6, 0x00B8, 0x4E75, 0x70FF, 0x4E75, 0x0817, 0x0005, 0x6704, 0x204F, 0x6004,
    0x4E68, 0x5D88, 0x4A79, 0x0000, 0x059E, 0x6702, 0x5448, 0x0C68, 0x0017, 0x0006, 0x6712, 0x0C68, 0x0016, 0x0006, 0x6700, 0x0082,
    0x2F39, 0x00FA, 0xA230, 0x4E75, 0x48E7, 0x1880, 0x558F, 0x0CB9, 0x0001, 0x0010, 0x00FA, 0x8208, 0x660A, 0x1EB8, 0x8E21, 0x08B8,
    0x0000, 0x8E21, 0x263C, 0x0000, 0x0801, 0x2828, 0x0002, 0x3E3C, 0x0005, 0x48E7, 0x7F00, 0x7208, 0x303C, 0x0303, 0x6100, 0x0152,
    0x4CDF, 0x00FE, 0x4A40, 0x6704, 0x51CF, 0xFFE8, 0x0CB9, 0x0001, 0x0010, 0x00FA, 0x8208, 0x6604, 0x11D7, 0x8E21, 0x548F, 0x4CDF,
    0x0118, 0x217C, 0x00FA, 0x3572, 0x0002, 0x2F39, 0x00FA, 0xA230, 0x4E75, 0xD0BC, 0x3C00, 0x0000, 0x2079, 0x00FA, 0xA20C, 0x4ED0,
    0x04A8, 0x3C00, 0x0000, 0x0008, 0x2F39, 0x00FA, 0xA230, 0x4E75, 0x2E00, 0x4847, 0x3F07, 0x3F3C, 0x002D, 0x4E41, 0x588F, 0x4A40,
    0x6614, 0x4847, 0x3F07, 0x3F3C, 0x002B, 0x4E41, 0x588F, 0x4A40, 0x6604, 0x7000, 0x4E75, 0x70FF, 0x4E75, 0x0D0A, 0x436F, 0x6D6D,
    0x756E, 0x6963, 0x6174, 0x696F, 0x6E20, 0x6572, 0x726F, 0x722E, 0x2050, 0x7265, 0x7373, 0x2072, 0x6573, 0x6574, 0x2E0D, 0x0A00,
    0xFFFF, 0xFFFF, 0x2038, 0x05A0, 0x6700, 0x001A, 0x2040, 0x2018, 0x6700, 0x0012, 0xB0BC, 0x5F4D, 0x4348, 0x6704, 0x5848, 0x60EE,
    0x2818, 0x6002, 0x4284, 0x2F04, 0x263C, 0x0000, 0x0000, 0x3E3C, 0x0005, 0x48E7, 0x7F00, 0x7208, 0x303C, 0x0303, 0x6100, 0x0072,
    0x4CDF, 0x00FE, 0x4A40, 0x6704, 0x51CF, 0xFFE8, 0x4A40, 0x6604, 0x201F, 0x4E75, 0x281F, 0x60CE, 0x3F3C, 0x0030, 0x4E41, 0x548F,
    0xC0BC, 0x0000, 0xFFFF, 0x0C78, 0x00FC, 0x0004, 0x6608, 0x3239, 0x00FC, 0x0002, 0x6006, 0x3239, 0x00E0, 0x0002, 0xC2BC, 0x0000,
    0xFFFF, 0x4841, 0x8081, 0x263C, 0x0000, 0x0001, 0x2800, 0x3E3C, 0x0005, 0x48E7, 0x7F00, 0x7208, 0x303C, 0x0303, 0x6100, 0x0012,
    0x4CDF, 0x00FE, 0x4A40, 0x6704, 0x51CF, 0xFFE8, 0x4A40, 0x4E75, 0x2439, 0x00FA, 0x8204, 0x2478, 0x04C6, 0x2678, 0x04C6, 0x2E3C,
    0x0000, 0x0024, 0x43F9, 0x00FA, 0x3770, 0xE24F, 0x5347, 0x34D9, 0x51CF, 0xFFFC, 0x5841, 0x43F9, 0x00FA, 0x8200, 0x207C, 0x00FB,
    0x0000, 0xD1FC, 0x0000, 0x8000, 0x3E3C, 0xABCD, 0x4A30, 0x7000, 0x4287, 0xDE40, 0x4A30, 0x0000, 0xDE41, 0x4A30, 0x1000, 0x4A41,
    0x6700, 0x0088, 0xDE42, 0x4A30, 0x2000, 0xB27C, 0x0002, 0x6700, 0x007A, 0x4842, 0xDE42, 0x4A30, 0x2000, 0xB27C, 0x0004, 0x6700,
    0x006A, 0xDE43, 0x4A30, 0x3000, 0xB27C, 0x0006, 0x6700, 0x005C, 0x4843, 0xDE43, 0x4A30, 0x3000, 0xB27C, 0x0008, 0x6700, 0x004C,
    0xDE44, 0x4A30, 0x4000, 0xB27C, 0x000A, 0x6700, 0x003E, 0x4844, 0xDE44, 0x4A30, 0x4000, 0xB27C, 0x000C, 0x672E, 0xDE45, 0x4A30,
    0x5000, 0xB27C, 0x000E, 0x6722, 0x4845, 0xDE45, 0x4A30, 0x5000, 0xB27C, 0x0010, 0x6714, 0xDE46, 0x4A30, 0x6000, 0xB27C, 0x0012,
    0x6708, 0x4846, 0xDE46, 0x4A30, 0x6000, 0x4A30, 0x7000, 0x4ED3, 0x4842, 0x2E3C, 0x0000, 0x0FFF, 0x7000, 0xB491, 0x6608, 0xB4B9,
    0x00FA, 0x8204, 0x6606, 0x5387, 0x66F0, 0x5380, 0x4A40, 0x4E75, 0x2439, 0x00FA, 0x8204, 0x2478, 0x04C6, 0x2678, 0x04C6, 0x2E3C,
    0x0000, 0x0024, 0x43F9, 0x00FA, 0x38B6, 0xE24F, 0x5347, 0x34D9, 0x51CF, 0xFFFC, 0xCCBC, 0x0000, 0xFFFF, 0x7210, 0xD286, 0x5281,
    0xE289, 0xE389, 0x43F9, 0x00FA, 0x8200, 0x207C, 0x00FB, 0x0000, 0xD1FC, 0x0000, 0x8000, 0x3E3C, 0xABCD, 0x4A30, 0x7000, 0x4287,
    0xDE40, 0x4A30, 0x0000, 0xDE41, 0x4A30, 0x1000, 0xDE42, 0x4A30, 0x2000, 0x4842, 0xDE42, 0x4A30, 0x2000, 0xDE43, 0x4A30, 0x3000,
    0x4843, 0xDE43, 0x4A30, 0x3000, 0xDE44, 0x4A30, 0x4000, 0x4844, 0xDE44, 0x4A30, 0x4000, 0xDE45, 0x4A30, 0x5000, 0x4845, 0xDE45,
    0x4A30, 0x5000, 0x2A06, 0x2C07, 0x4287, 0x0805, 0x0000, 0x662E, 0x5285, 0xE24D, 0x5345, 0x280C, 0x0804, 0x0000, 0x6712, 0x161C,
    0xE14B, 0x161C, 0x4A30, 0x3000, 0xDE43, 0x51CD, 0xFFF2, 0x605E, 0x381C, 0xDE44, 0x4A30, 0x4000, 0x51CD, 0xFFF6, 0x6050, 0x5285,
    0xE24D, 0x280C, 0x0804, 0x0000, 0x6726, 0x5345, 0x6712, 0x5345, 0x161C, 0xE14B, 0x161C, 0x4A30, 0x3000, 0xDE43, 0x51CD, 0xFFF2,
    0x181C, 0xE14C, 0xC87C, 0xFF00, 0xDE44, 0x4A30, 0x4000, 0x601E, 0x5345, 0x670E, 0x5345, 0x381C, 0xDE44, 0x4A30, 0x4000, 0x51CD,
    0xFFF6, 0x381C, 0xC87C, 0xFF00, 0xDE44, 0x4A30, 0x4000, 0xDC47, 0x4A30, 0x6000, 0x4ED3, 0x4842, 0x2C3C, 0x0000, 0x1FFF, 0x7000,
    0xB491, 0x6608, 0xB4B9, 0x00FA, 0x8204, 0x6606, 0x5386, 0x66F0, 0x5380, 0x4A40, 0x4E75, 0x0000, 0x0000, 0x0000, 0x0000, 0x0000,
    0x0000, 0x0000, 0x0000, 0x0000, 0x0000, 0x0000, 0x0000, 0x0000, 0x0000, 0x0000, 0x0000, 0x0000, 0x0000, 0x0000, 0x0000, 0x0000,
    0x0000, 0x0000, 0x0000, 0x0000, 0x0000, 0x0000, 0x0000, 0x0000, 0x0000, 0x0000, 0x0000, 0x0000, 0x0000, 0x0000, 0x0000, 0x0000,
    0x0000, 0x0000, 0x0000, 0x0000, 0x0000, 0x0000, 0x0000, 0x0000, 0x0000, 0x0000, 0x0000, 0x0000, 0x0000, 0x0000, 0x0000, 0x0000,
    0x0000, 0x0000, 0x0000, 0x0000, 0x0000, 0x0000, 0x0000, 0x0000, 0x0000, 0x0000, 0x0000, 0x0000, 0x0000, 0x0000, 0x0000, 0x0000,
    0x0000, 0x0000, 0x0000, 0x0000, 0x0000, 0x0000, 0x0000, 0x0000, 0x0000, 0x0000, 0x0000, 0x0000, 0x0000, 0x0000, 0x0000, 0x0000,
    0x0000, 0x0000, 0x0000, 0x0000, 0x0000, 0x0000, 0x0000, 0x0000, 0x0000, 0x0000, 0x0000, 0x0000, 0x0000, 0x0000, 0x0000, 0x0000,
    0x0000, 0x0000, 0x0000, 0x0000, 0x0000, 0x0000, 0x0000, 0x0000, 0x0000, 0x0000, 0x0000, 0x0000, 0x0000, 0x0000, 0x0000, 0x0000,
    0x0000, 0x0000, 0x0000, 0x0000, 0x0000, 0x0000, 0x0000, 0x0000, 0x0000, 0x0000, 0x0000, 0x0000, 0x0000, 0x0000, 0x0000, 0x0000,
    0x0000, 0x0000, 0x0000, 0x0000, 0x0000, 0x0000, 0x0000, 0x0000, 0x0000, 0x0000, 0x0000, 0x0000, 0x0000, 0x0000, 0x0000, 0x0000,
    0x0000, 0x0000, 0x0000, 0x0000, 0x0000, 0x0000, 0x0000, 0x0000, 0x0000, 0x0000, 0x0000, 0x0000, 0x0000, 0x0000, 0x0000, 0x0000,
    0x0000, 0x0000, 0x0000, 0x0000, 0x0000, 0x0000, 0x0000, 0x0000, 0x0000, 0x0000, 0x0000, 0x0000, 0x0000, 0x0000, 0x0000, 0x0000,
    0x0000, 0x0000, 0x0000, 0x0000, 0x0000, 0x0000, 0x0000, 0x0000, 0x0000, 0x0000, 0x0000, 0x0000, 0x0000, 0x0000, 0x0000, 0x0000,
    0x0000, 0x0000, 0x0000, 0x0000, 0x0000, 0x0000, 0x0000, 0x0000, 0x0000, 0x0000, 0x0000, 0x0000, 0x0000, 0x0000, 0x0000, 0x0000,
    0x0000, 0x0000, 0x0000, 0x0000, 0x0000, 0x0000, 0x0000, 0x0000, 0x0000, 0x0000, 0x0000, 0x0000, 0x0000, 0x0000, 0x0000, 0x0000,
    0x0000, 0x0000, 0x0000, 0x0000, 0x0000, 0x0000, 0x0000, 0x0000, 0x0000, 0x0000, 0x0000, 0x0000, 0x0000, 0x0000, 0x0000, 0x0000,
    0x0000, 0x0000, 0x0000, 0x0000, 0x0000, 0x0000, 0x0000, 0x0000, 0x0000, 0x0000, 0x0000, 0x0000, 0x0000, 0x0000, 0x0000, 0x0000,
    0x0000, 0x0000, 0x0000, 0x0000, 0x0000, 0x0000, 0x0000, 0x0000, 0x0000, 0x0000, 0x0000, 0x0000, 0x0000, 0x0000, 0x0000, 0x0000,
    0x0000, 0x0000, 0x0000, 0x0000, 0x0000, 0x0000, 0x0000, 0x0000, 0x0000, 0x0000, 0x0000, 0x0000, 0x0000, 0x0000, 0x0000, 0x0000,
    0x0000, 0x0000, 0x0000, 0x0000, 0x0000, 0x0000, 0x0000, 0x0000, 0x0000, 0x0000, 0x0000, 0x0000, 0x0000, 0x0000, 0x0000, 0x0000,
    0x0000, 0x0000, 0x0000, 0x0000, 0x0000, 0x0000, 0x0000, 0x0000, 0x0000, 0x0000, 0x0000, 0x0000, 0x0000, 0x0000, 0x0000, 0x0000,
    0x0000, 0x0000, 0x0000, 0x0000, 0x0000, 0x0000, 0x0000, 0x0000, 0x0000, 0x0000, 0x0000, 0x0000, 0x0000, 0x0000, 0x0000, 0x0000,
    0x0000, 0x0000, 0x0000, 0x0000, 0x0000, 0x0000, 0x0000, 0x0000, 0x0000, 0x0000, 0x0000, 0x0000, 0x0000, 0x0000, 0x0000, 0x0000,
    0x0000, 0x0000, 0x0000, 0x0000, 0x0000, 0x0000, 0x0000, 0x0000, 0x0000, 0x0000, 0x0000, 0x0000, 0x0000, 0x0000, 0x0000, 0x0000,
    0x0000, 0x0000, 0x0000, 0x0000, 0x0000, 0x0000, 0x0000, 0x0000, 0x0000, 0x0000, 0x0000, 0x0000, 0x0000, 0x0000, 0x0000, 0x0000,
    0x0000, 0x0000, 0x0000, 0x0000, 0x0000, 0x0000, 0x0000, 0x0000, 0x0000, 0x0000, 0x0000, 0x0000, 0x0000, 0x0000, 0x0000, 0x0000,
    0x0000, 0x0000, 0x0000, 0x0000, 0x0000, 0x0000, 0x0000, 0x0000, 0x0000, 0x0000, 0x0000, 0x0000, 0x0000, 0x0000, 0x0000, 0x0000,
    0x0000, 0x0000, 0x0000, 0x0000, 0x0000, 0x0000, 0x0000, 0x0000, 0x0000, 0x0000, 0x0000, 0x0000, 0x0000, 0x0000, 0x0000, 0x0000,
    0x0000, 0x0000, 0x0000, 0x0000, 0x0000, 0x0000, 0x0000, 0x0000, 0x0000, 0x0000, 0x0000, 0x0000, 0x0000, 0x0000, 0x0000, 0x0000,
    0x0000, 0x0000, 0x0000, 0x0000, 0x0000, 0x0000, 0x0000, 0x0000, 0x0000, 0x0000, 0x0000, 0x0000, 0x0000, 0x0000, 0x0000, 0x0000,
    0x0000, 0x0000, 0x0000, 0x0000, 0x0000, 0x0000, 0x0000, 0x0000, 0x0000, 0x0000, 0x0000, 0x0000, 0x0000, 0x0000, 0x0000, 0x0000,
    0x0000, 0x0000, 0x0000, 0x0000, 0x0000, 0x0000, 0x0000, 0x0000, 0x0000, 0x0000, 0x0000, 0x0000, 0x0000, 0x0000, 0x0000, 0x0000,
    0x0000, 0x0000, 0x0000, 0x0000, 0x0000, 0x0000, 0x0000, 0x0000, 0x0000, 0x0000, 0x0000, 0x0000, 0x0000, 0x0000, 0x0000, 0x0000,
    0x0000, 0x0000, 0x0000, 0x0000, 0x0000, 0x0000, 0x0000, 0x0000, 0x0000, 0x0000, 0x0000, 0x0000, 0x0000, 0x0000, 0x0000, 0x0000,
    0x0000, 0x0000, 0x0000, 0x0000, 0x0000, 0x0000, 0x0000, 0x0000, 0x0000, 0x0000, 0x0000, 0x0000, 0x0000, 0x0000, 0x0000, 0x0000,
    0x0000, 0x0000, 0x0000, 0x0000, 0x0000, 0x0000, 0x0000, 0x0000, 0x0000, 0x0000, 0x0000, 0x0000, 0x0000, 0x0000, 0x0000, 0x0000,
    0x0000, 0x0000, 0x0000, 0x0000, 0x0000, 0x0000, 0x0000, 0x0000, 0x0000, 0x0000, 0x0000, 0x0000, 0x0000, 0x0000, 0x0000, 0x0000,
    0x0000, 0x0000, 0x0000, 0x0000, 0x0000, 0x0000, 0x0000, 0x0000, 0x0000, 0x0000, 0x0000, 0x0000, 0x0000, 0x0000, 0x0000, 0x0000,
    0x0000, 0x0000, 0x0000, 0x0000, 0x0000, 0x0000, 0x0000, 0x0000, 0x0000, 0x0000, 0x0000, 0x0000, 0x0000, 0x0000, 0x0000, 0x0000,
    0x0000, 0x0000, 0x0000, 0x0000, 0x0000, 0x0000, 0x0000, 0x0000, 0x0000, 0x0000, 0x0000, 0x0000, 0x0000, 0x0000, 0x0000, 0x0000,
    0x0000, 0x0000, 0x0000, 0x0000, 0x0000, 0x0000, 0x0000, 0x0000, 0x0000, 0x0000, 0x0000, 0x0000, 0x0000, 0x0000, 0x0000, 0x0000,
    0x0000, 0x0000, 0x0000, 0x0000, 0x0000, 0x0000, 0x0000, 0x0000, 0x0000, 0x0000, 0x0000, 0x0000, 0x0000, 0x0000, 0x0000, 0x0000,
    0x0000, 0x0000, 0x0000, 0x0000, 0x0000, 0x0000, 0x0000, 0x0000, 0x0000, 0x0000, 0x0000, 0x0000, 0x0000, 0x0000, 0x0000, 0x0000,
    0x0000, 0x0000, 0x0000, 0x0000, 0x0000, 0x0000, 0x0000, 0x0000, 0x0000, 0x0000, 0x0000, 0x0000, 0x0000, 0x0000, 0x0000, 0x0000,
    0x0000, 0x0000, 0x0000, 0x0000, 0x0000, 0x0000, 0x0000, 0x0000, 0x0000, 0x0000, 0x0000, 0x0000, 0x0000, 0x0000, 0x0000, 0x0000,
    0x0000, 0x0000, 0x0000, 0x0000, 0x0000, 0x0000, 0x0000, 0x0000, 0x0000, 0x0000, 0x0000, 0x0000, 0x0000, 0x0000, 0x0000, 0x0000,
    0x0000, 0x0000, 0x0000, 0x0000, 0x0000, 0x0000, 0x0000, 0x0000, 0x0000, 0x0000, 0x0000, 0x0000, 0x0000, 0x0000, 0x0000, 0x0000,
    0x0000, 0x0000, 0x0000, 0x0000, 0x0000, 0x0000, 0x0000, 0x0000, 0x0000, 0x0000, 0x0000, 0x0000, 0x0000, 0x0000, 0x0000, 0x0000,
    0x0000, 0x0000, 0x0000, 0x0000, 0x0000, 0x0000, 0x0000, 0x0000, 0x0000, 0x0000, 0x0000, 0x0000, 0x0000, 0x0000, 0x0000, 0x0000,
    0x0000, 0x0000, 0x0000, 0x0000, 0x0000, 0x0000, 0x0000, 0x0000, 0x0000, 0x0000, 0x0000, 0x0000, 0x0000, 0x0000, 0x0000, 0x0000,
    0x0000, 0x0000, 0x0000, 0x0000, 0x0000, 0x0000, 0x0000, 0x0000, 0x0000, 0x0000, 0x0000, 0x0000, 0x0000, 0x0000, 0x0000, 0x0000,
    0x0000, 0x0000, 0x0000, 0x0000, 0x0000, 0x0000, 0x0000, 0x0000, 0x0000, 0x0000, 0x0000, 0x0000, 0x0000, 0x0000, 0x0000, 0x0000,
    0x0000, 0x0000, 0x0000, 0x0000, 0x0000, 0x0000, 0x0000, 0x0000, 0x0000, 0x0000, 0x0000, 0x0000, 0x0000, 0x0000, 0x0000, 0x0000,
    0x0000, 0x0000, 0x0000, 0x0000, 0x0000, 0x0000, 0x0000, 0x0000, 0x0000, 0x0000, 0x0000, 0x0000, 0x0000, 0x0000, 0x0000, 0x0000,
    0x0000, 0x0000, 0x0000, 0x0000, 0x0000, 0x0000, 0x0000, 0x0000, 0x0000, 0x0000, 0x0000, 0x0000, 0x0000, 0x0000, 0x0000, 0x0000,
    0x0000, 0x0000, 0x0000, 0x0000, 0x0000, 0x0000, 0x0000, 0x0000, 0x0000, 0x0000, 0x0000, 0x0000, 0x0000, 0x0000, 0x0000, 0x0000,
    0x0000, 0x0000, 0x0000, 0x0000, 0x0000, 0x0000, 0x0000, 0x0000, 0x0000, 0x0000, 0x0000, 0x0000, 0x0000, 0x0000, 0x0000, 0x0000,
    0x0000, 0x0000, 0x0000, 0x0000, 0x0000, 0x0000, 0x0000, 0x0000, 0x0000, 0x0000, 0x0000, 0x0000, 0x0000, 0x0000, 0x0000, 0x0000,
    0x0000, 0x0000, 0x0000, 0x0000, 0x0000, 0x0000, 0x0000, 0x0000, 0x0000, 0x0000, 0x0000, 0x0000, 0x0000, 0x0000, 0x0000, 0x0000,
    0x0000, 0x0000, 0x0000, 0x0000, 0x0000, 0x0000, 0x0000, 0x0000, 0x0000, 0x0000, 0x0000, 0x0000, 0x0000, 0x0000, 0x0000, 0x0000,
    0x0000, 0x0000, 0x0000, 0x0000, 0x0000, 0x0000, 0x0000, 0x0000, 0x0000, 0x0000, 0x0000, 0x0000, 0x0000, 0x0000, 0x0000, 0x0000,
    0x0000, 0x0000, 0x0000, 0x0000, 0x0000, 0x0000, 0x0000, 0x0000, 0x0000, 0x0000, 0x0000, 0x0000, 0x0000, 0x0000, 0x0000, 0x0000,
    0x0000, 0x0000, 0x0000, 0x0000, 0x0000, 0x0000, 0x0000, 0x0000, 0x0000, 0x0000, 0x0000, 0x0000, 0x0000, 0x0000, 0x0000, 0x0000,
    0x0000, 0x0000, 0x0000, 0x0000, 0x0000, 0x0000, 0x0000, 0x0000, 0x0000, 0x0000, 0x0000, 0x0000, 0x0000, 0x0000, 0x0000, 0x0000,
    0x0000, 0x0000, 0x0000, 0x0000, 0x0000, 0x0000, 0x0000, 0x0000, 0x0000, 0x0000, 0x0000, 0x0000, 0x0000, 0x0000, 0x0000, 0x0000,
    0x0000, 0x0000, 0x0000, 0x0000, 0x0000, 0x0000, 0x0000, 0x0000, 0x0000, 0x0000, 0x0000, 0x0000, 0x0000, 0x0000, 0x0000, 0x0000,
    0x0000, 0x0000, 0x0000, 0x0000, 0x0000, 0x0000, 0x0000, 0x0000, 0x0000, 0x0000, 0x0000, 0x0000, 0x0000, 0x0000, 0x0000, 0x0000,
    0x0000, 0x0000, 0x0000, 0x0000, 0x0000, 0x0000, 0x0000, 0x0000, 0x0000, 0x0000, 0x0000, 0x0000, 0x0000, 0x0000, 0x0000, 0x0000,
    0x0000, 0x0000, 0x0000, 0x0000, 0x0000, 0x0000, 0x0000, 0x0000, 0x0000, 0x0000, 0x0000, 0x0000, 0x0000, 0x0000, 0x0000, 0x0000,
    0x0000, 0x0000, 0x0000, 0x0000, 0x0000, 0x0000, 0x0000, 0x0000, 0x0000, 0x0000, 0x0000, 0x0000, 0x0000, 0x0000, 0x0000, 0x0000,
    0x0000, 0x0000, 0x0000, 0x0000, 0x0000, 0x0000, 0x0000, 0x0000, 0x0000, 0x0000, 0x0000, 0x0000, 0x0000, 0x0000, 0x0000, 0x0000,
    0x0000, 0x0000, 0x0000, 0x0000, 0x0000, 0x0000, 0x0000, 0x0000, 0x0000, 0x0000, 0x0000, 0x0000, 0x0000, 0x0000, 0x0000, 0x0000,
    0x0000, 0x0000, 0x0000, 0x0000, 0x0000, 0x0000, 0x0000, 0x0000, 0x0000, 0x0000, 0x0000, 0x0000, 0x0000, 0x0000, 0x0000, 0x0000,
    0x0000, 0x0000, 0x0000, 0x0000, 0x0000, 0x0000, 0x0000, 0x0000, 0x0000, 0x0000, 0x0000, 0x0000, 0x0000, 0x0000, 0x0000, 0x0000,
    0x0000, 0x0000, 0x0000, 0x0000, 0x0000, 0x0000, 0x0000, 0x0000, 0x0000, 0x0000, 0x0000, 0x0000, 0x0000, 0x0000, 0x0000, 0x0000,
    0x0000, 0x0000, 0x0000, 0x0000, 0x0000, 0x0000, 0x0000, 0x0000, 0x0000, 0x0000, 0x0000, 0x0000, 0x0000, 0x0000, 0x0000, 0x0000,
    0x0000, 0x0000, 0x0000, 0x0000, 0x0000, 0x0000, 0x0000, 0x0000, 0x0000, 0x0000, 0x0000, 0x0000, 0x0000, 0x0000, 0x0000, 0x0000,
    0x0000, 0x0000, 0x0000, 0x0000, 0x0000, 0x0000, 0x0000, 0x0000, 0x0000, 0x0000, 0x0000, 0x0000, 0x0000, 0x0000, 0x0000, 0x0000,
    0x0000, 0x0000, 0x0000, 0x0000, 0x0000, 0x0000, 0x0000, 0x0000, 0x0000, 0x0000, 0x0000, 0x0000, 0x0000, 0x0000, 0x0000, 0x0000,
    0x0000, 0x0000, 0x0000, 0x0000, 0x0000, 0x0000, 0x0000, 0x0000, 0x0000, 0x0000, 0x0000, 0x0000, 0x0000, 0x0000, 0x0000, 0x0000,
    0x0000, 0x0000, 0x0000, 0x0000, 0x0000, 0x0000, 0x0000, 0x0000, 0x0000, 0x0000, 0x0000, 0x0000, 0x0000, 0x0000, 0x0000, 0x0000,
    0x0000, 0x0000, 0x0000, 0x0000, 0x0000, 0x0000, 0x0000, 0x0000, 0x0000, 0x0000, 0x0000, 0x0000, 0x0000, 0x0000, 0x0000, 0x0000,
    0x0000, 0x0000, 0x0000, 0x0000, 0x0000, 0x0000, 0x0000, 0x0000, 0x0000, 0x0000, 0x0000, 0x0000, 0x0000, 0x0000, 0x0000, 0x0000,
    0x0000, 0x0000, 0x0000, 0x0000, 0x0000, 0x0000, 0x0000, 0x0000, 0x0000, 0x0000, 0x0000, 0x0000, 0x0000, 0x0000, 0x0000, 0x0000,
    0x0000, 0x0000, 0x0000, 0x0000, 0x0000, 0x0000, 0x0000, 0x0000, 0x0000, 0x0000, 0x0000, 0x0000, 0x0000, 0x0000, 0x0000, 0x0000,
    0x0000, 0x0000, 0x0000, 0x0000, 0x0000, 0x0000, 0x0000, 0x0000, 0x0000, 0x0000, 0x0000, 0x0000, 0x0000, 0x0000, 0x0000, 0x0000,
    0x0000, 0x0000, 0x0000, 0x0000, 0x0000, 0x0000, 0x0000, 0x0000, 0x0000, 0x0000, 0x0000, 0x0000, 0x0000, 0x0000, 0x0000, 0x0000,
    0x0000, 0x0000, 0x0000, 0x0000, 0x0000, 0x0000, 0x0000, 0x0000, 0x0000, 0x0000, 0x0000, 0x0000, 0x0000, 0x0000, 0x0000, 0x0000,
    0x0000, 0x0000, 0x0000, 0x0000, 0x0000, 0x0000, 0x0000, 0x0000, 0x0000, 0x0000, 0x0000, 0x0000, 0x0000, 0x0000, 0x0000, 0x0000,
    0x0000, 0x0000, 0x0000, 0x0000, 0x0000, 0x0000, 0x0000, 0x0000, 0x0000, 0x0000, 0x0000, 0x0000, 0x0000, 0x0000, 0x0000, 0x0000,
    0x0000, 0x0000, 0x0000, 0x0000, 0x0000, 0x0000, 0x0000, 0x0000, 0x0000, 0x0000, 0x0000, 0x0000, 0x0000, 0x0000, 0x0000, 0x0000,
    0x0000, 0x0000, 0x0000, 0x0000, 0x0000, 0x0000, 0x0000, 0x0000, 0x0000, 0x0000, 0x0000, 0x0000, 0x0000, 0x0000, 0x0000, 0x0000,
    0x0000, 0x0000, 0x0000, 0x0000, 0x0000, 0x0000, 0x0000, 0x0000, 0x0000, 0x0000, 0x0000, 0x0000, 0x0000, 0x0000, 0x0000, 0x0000,
    0x0000, 0x0000, 0x0000, 0x0000, 0x0000, 0x0000, 0x0000, 0x0000, 0x0000, 0x0000, 0x0000, 0x0000, 0x0000, 0x0000, 0x0000, 0x0000,
    0x0000, 0x0000, 0x0000, 0x0000, 0x0000, 0x0000, 0x0000, 0x0000, 0x0000, 0x0000, 0x0000, 0x0000, 0x0000, 0x0000, 0x0000, 0x0000,
    0x0000, 0x0000, 0x0000, 0x0000, 0x0000, 0x0000, 0x0000, 0x0000, 0x0000, 0x0000, 0x0000, 0x0000, 0x0000, 0x0000, 0x0000, 0x0000,
    0x0000, 0x0000, 0x0000, 0x0000, 0x0000, 0x0000, 0x0000, 0x0000, 0x0000, 0x0000, 0x0000, 0x0000, 0x0000, 0x0000, 0x0000, 0x0000,
    0x0000, 0x0000, 0x0000, 0x0000, 0x0000, 0x0000, 0x0000, 0x0000, 0x0000, 0x0000, 0x0000, 0x0000, 0x0000, 0x0000, 0x0000, 0x0000,
    0x0000, 0x0000, 0x0000, 0x0000, 0x0000, 0x0000, 0x0000, 0x0000, 0x0000, 0x0000, 0x0000, 0x0000, 0x0000, 0x0000, 0x0000, 0x0000,
    0x0000, 0x0000, 0x0000, 0x0000, 0x0000, 0x0000, 0x0000, 0x0000, 0x0000, 0x0000, 0x0000, 0x0000, 0x0000, 0x0000, 0x0000, 0x0000,
    0x0000, 0x0000, 0x0000, 0x0000, 0x0000, 0x0000, 0x0000, 0x0000, 0x0000, 0x0000, 0x0000, 0x0000, 0x0000, 0x0000, 0x0000, 0x0000,
    0x0000, 0x0000, 0x0000, 0x0000, 0x0000, 0x0000, 0x0000, 0x0000, 0x0000, 0x0000, 0x0000, 0x0000, 0x0000, 0x0000, 0x0000, 0x0000,
    0x0000, 0x0000, 0x0000, 0x0000, 0x0000, 0x0000, 0x0000, 0x0000, 0x0000, 0x0000, 0x0000, 0x0000, 0x0000, 0x0000, 0x0000, 0x0000,
    0x0000, 0x0000, 0x0000, 0x0000, 0x0000, 0x0000, 0x0000, 0x0000, 0x0000, 0x0000, 0x0000, 0x0000, 0x0000, 0x0000, 0x0000, 0x0000,
    0x0000, 0x0000, 0x0000, 0x0000, 0x0000, 0x0000, 0x0000, 0x0000, 0x0000, 0x0000, 0x0000, 0x0000, 0x0000, 0x0000, 0x0000, 0x0000,
    0x0000, 0x0000, 0x0000, 0x0000, 0x0000, 0x0000, 0x0000, 0x0000, 0x0000, 0x0000, 0x0000, 0x0000, 0x0000, 0x0000, 0x0000, 0x0000,
    0x0000, 0x0000, 0x0000, 0x0000, 0x0000, 0x0000, 0x0000, 0x0000, 0x0000, 0x0000, 0x0000, 0x0000, 0x0000, 0x0000, 0x0000, 0x0000,
    0x0000, 0x0000, 0x0000, 0x0000, 0x0000, 0x0000, 0x0000, 0x0000, 0x0000, 0x0000, 0x0000, 0x0000, 0x0000, 0x0000, 0x0000, 0x0000,
    0x0000, 0x0000, 0x0000, 0x0000, 0x0000, 0x0000, 0x0000, 0x0000, 0x0000, 0x0000, 0x0000, 0x0000, 0x0000, 0x0000, 0x0000, 0x0000,
    0x0000, 0x0000, 0x0000, 0x0000, 0x0000, 0x0000, 0x0000, 0x0000, 0x0000, 0x0000, 0x0000, 0x0000, 0x0000, 0x0000, 0x0000, 0x0000,
    0x0000, 0x0000, 0x0000, 0x0000, 0x0000, 0x0000, 0x0000, 0x0000, 0x0000, 0x0000, 0x0000, 0x0000, 0x0000, 0x0000, 0x0000, 0x0000,
    0x0000, 0x0000, 0x0000, 0x0000, 0x0000, 0x0000, 0x0000, 0x0000, 0x0000, 0x0000, 0x0000, 0x0000, 0x0000, 0x0000, 0x0000, 0x0000,
    0x0000, 0x0000, 0x0000, 0x0000, 0x0000, 0x0000, 0x0000, 0x0000, 0x0000, 0x0000, 0x0000, 0x0000, 0x0000, 0x0000, 0x0000, 0x0000,
    0x0000, 0x0000, 0x0000, 0x0000, 0x0000, 0x0000, 0x0000, 0x0000, 0x0000, 0x0000, 0x0000, 0x0000, 0x0000, 0x0000, 0x0000, 0x0000,
    0x0000, 0x0000, 0x0000, 0x0000, 0x0000, 0x0000, 0x0000, 0x0000, 0x0000, 0x0000, 0x0000, 0x0000, 0x0000, 0x0000, 0x0000, 0x0000,
    0x0000, 0x0000, 0x0000, 0x0000, 0x0000, 0x0000, 0x0000, 0x0000, 0x0000, 0x0000, 0x0000, 0x0000, 0x0000, 0x0000, 0x0000, 0x0000,
    0x0000, 0x0000, 0x0000, 0x0000, 0x0000, 0x0000, 0x0000, 0x0000, 0x0000, 0x0000, 0x0000, 0x0000, 0x0000, 0x0000, 0x0000, 0x0000,
    0x0000, 0x0000, 0x0000, 0x0000, 0x0000, 0x0000, 0x0000, 0x0000, 0x0000, 0x0000, 0x0000, 0x0000, 0x0000, 0x0000, 0x0000, 0x0000,
    0x0000, 0x0000, 0x0000, 0x0000, 0x0000, 0x0000, 0x0000, 0x0000, 0x0000, 0x0000, 0x0000, 0x0000, 0x0000, 0x0000, 0x0000, 0x0000,
    0x0000, 0x0000, 0x0000, 0x0000, 0x0000, 0x0000, 0x0000, 0x0000, 0x0000, 0x0000, 0x0000, 0x0000, 0x0000, 0x0000, 0x0000, 0x0000,
    0x0000, 0x0000, 0x0000, 0x0000, 0x0000, 0x0000, 0x0000, 0x0000, 0x0000, 0x0000, 0x0000, 0x0000, 0x0000, 0x0000, 0x0000, 0x0000,
    0x0000, 0x0000, 0x0000, 0x0000, 0x0000, 0x0000, 0x0000, 0x0000, 0x0000, 0x0000, 0x0000, 0x0000, 0x0000, 0x0000, 0x0000, 0x0000,
    0x0000, 0x0000, 0x0000, 0x0000, 0x0000, 0x0000, 0x0000, 0x0000, 0x0000, 0x0000, 0x0000, 0x0000, 0x0000, 0x0000, 0x0000, 0x0000,
    0x0000, 0x0000, 0x0000, 0x0000, 0x0000, 0x0000, 0x0000, 0x0000, 0x0000, 0x0000, 0x0000, 0x0000, 0x0000, 0x0000, 0x0000, 0x0000,
    0x0000, 0x0000, 0x0000, 0x0000, 0x0000, 0x0000, 0x0000, 0x0000, 0x0000, 0x0000, 0x0000, 0x0000, 0x0000, 0x0000, 0x0000, 0x0000,
    0x0000, 0x0000, 0x0000, 0x0000, 0x0000, 0x0000, 0x0000, 0x0000, 0x0000, 0x0000, 0x0000, 0x0000, 0x0000, 0x0000, 0x0000, 0x0000,
    0x0000, 0x0000, 0x0000, 0x0000, 0x0000, 0x0000, 0x0000, 0x0000, 0x0000, 0x0000, 0x0000, 0x0000, 0x0000, 0x0000, 0x0000, 0x0000,
    0x0000, 0x0000, 0x0000, 0x0000, 0x0000, 0x0000, 0x0000, 0x0000, 0x0000, 0x0000, 0x0000, 0x0000, 0x0000, 0x0000, 0x0000, 0x0000,
    0x0000, 0x0000, 0x0000, 0x0000, 0x0000, 0x0000, 0x0000, 0x0000, 0x0000, 0x0000, 0x0000, 0x0000, 0x0000, 0x0000, 0x0000, 0x0000,
    0x0000, 0x0000, 0x0000, 0x0000, 0x0000, 0x0000, 0x0000, 0x0000, 0x0000, 0x0000, 0x0000, 0x0000, 0x0000, 0x0000, 0x0000, 0x0000,
    0x0000, 0x0000, 0x0000, 0x0000, 0x0000, 0x0000, 0x0000, 0x0000, 0x0000, 0x0000, 0x0000, 0x0000, 0x0000, 0x0000, 0x0000, 0x0000,
    0x0000, 0x0000, 0x0000, 0x0000, 0x0000, 0x0000, 0x0000, 0x0000, 0x0000, 0x0000, 0x0000, 0x0000, 0x0000, 0x0000, 0x0000, 0x0000,
    0x0000, 0x0000, 0x0000, 0x0000, 0x0000, 0x0000, 0x0000, 0x0000, 0x0000, 0x0000, 0x0000, 0x0000, 0x0000, 0x0000, 0x0000, 0x0000,
    0x0000, 0x0000, 0x0000, 0x0000, 0x0000, 0x0000, 0x0000, 0x0000, 0x0000, 0x0000, 0x0000, 0x0000, 0x0000, 0x0000, 0x0000, 0x0000,
    0x0000, 0x0000, 0x0000, 0x0000, 0x0000, 0x0000, 0x0000, 0x0000, 0x0000, 0x0000, 0x0000, 0x0000, 0x0000, 0x0000, 0x0000, 0x0000,
    0x0000, 0x0000, 0x0000, 0x0000, 0x0000, 0x0000, 0x0000, 0x0000, 0x0000, 0x0000, 0x0000, 0x0000, 0x0000, 0x0000, 0x0000, 0x0000,
    0x0000, 0x0000, 0x0000, 0x0000, 0x0000, 0x0000, 0x0000, 0x0000, 0x0000, 0x0000, 0x0000, 0x0000, 0x0000, 0x0000, 0x0000, 0x0000,
    0x0000, 0x0000, 0x0000, 0x0000, 0x0000, 0x0000, 0x0000, 0x0000, 0x0000, 0x0000, 0x0000, 0x0000, 0x0000, 0x0000, 0x0000, 0x0000,
    0x0000, 0x0000, 0x0000, 0x0000, 0x0000, 0x0000, 0x0000, 0x0000, 0x0000, 0x0000, 0x0000, 0x0000, 0x0000, 0x0000, 0x0000, 0x0000,
    0x0000, 0x0000, 0x0000, 0x0000, 0x0000, 0x0000, 0x0000, 0x0000, 0x0000, 0x0000, 0x0000, 0x0000, 0x0000, 0x0000, 0x0000, 0x0000,
    0x0000, 0x0000, 0x0000, 0x0000, 0x0000, 0x0000, 0x0000, 0x0000, 0x0000, 0x0000, 0x0000, 0x0000, 0x0000, 0x0000, 0x0000, 0x0000,
    0x0000, 0x0000, 0x0000, 0x0000, 0x0000, 0x0000, 0x0000, 0x0000, 0x0000, 0x0000, 0x0000, 0x0000, 0x0000, 0x0000, 0x0000, 0x0000,
    0x0000, 0x0000, 0x0000, 0x0000, 0x0000, 0x0000, 0x0000, 0x0000, 0x0000, 0x0000, 0x0000, 0x0000, 0x0000, 0x0000, 0x0000, 0x0000,
    0x0000, 0x0000, 0x0000, 0x0000, 0x0000, 0x0000, 0x0000, 0x0000, 0x0000, 0x0000, 0x0000, 0x0000, 0x0000, 0x0000, 0x0000, 0x0000,
    0x0000, 0x0000, 0x0000, 0x0000, 0x0000, 0x0000, 0x0000, 0x0000, 0x0000, 0x0000, 0x0000, 0x0000, 0x0000, 0x0000, 0x0000, 0x0000,
    0x0000, 0x0000, 0x0000, 0x0000, 0x0000, 0x0000, 0x0000, 0x0000, 0x0000, 0x0000, 0x0000, 0x0000, 0x0000, 0x0000, 0x0000, 0x0000,
    0x0000, 0x0000, 0x0000, 0x0000, 0x0000, 0x0000, 0x0000, 0x0000, 0x0000, 0x0000, 0x0000, 0x0000, 0x0000, 0x0000, 0x0000, 0x0000,
    0x0000, 0x0000, 0x0000, 0x0000, 0x0000, 0x0000, 0x0000, 0x0000, 0x0000, 0x0000, 0x0000, 0x0000, 0x0000, 0x0000, 0x0000, 0x0000,
    0x0000, 0x0000, 0x0000, 0x0000, 0x0000, 0x0000, 0x0000, 0x0000, 0x0000, 0x0000, 0x0000, 0x0000, 0x0000, 0x0000, 0x0000, 0x0000,
    0x0000, 0x0000, 0x0000, 0x0000, 0x0000, 0x0000, 0x0000, 0x0000, 0x0000, 0x0000, 0x0000, 0x0000, 0x0000, 0x0000, 0x0000, 0x0000,
    0x0000, 0x0000, 0x0000, 0x0000, 0x0000, 0x0000, 0x0000, 0x0000, 0x0000, 0x0000, 0x0000, 0x0000, 0x0000, 0x0000, 0x0000, 0x0000,
    0x0000, 0x0000, 0x0000, 0x0000, 0x0000, 0x0000, 0x0000, 0x0000, 0x0000, 0x0000, 0x0000, 0x0000, 0x0000, 0x0000, 0x0000, 0x0000,
    0x0000, 0x0000, 0x0000, 0x0000, 0x0000, 0x0000, 0x0000, 0x0000, 0x0000, 0x0000, 0x0000, 0x0000, 0x0000, 0x0000, 0x0000, 0x0000,
    0x0000, 0x0000, 0x0000, 0x0000, 0x0000, 0x0000, 0x0000, 0x0000, 0x0000, 0x0000, 0x0000, 0x0000, 0x0000, 0x0000, 0x0000, 0x0000,
    0x6000, 0x0006, 0x0000, 0x0000, 0x4AB9, 0x00FA, 0x4C04, 0x6700, 0x00A8, 0x3F3C, 0x0030, 0x4E41, 0x548F, 0xB07C, 0x1500, 0x6600,
    0x0098, 0x2078, 0x04F2, 0x3028, 0x0002, 0xB07C, 0x0104, 0x6708, 0xB07C, 0x0106, 0x6600, 0x0082, 0x2278, 0x0084, 0x2009, 0x90A8,
    0x0008, 0xB0BC, 0x0002, 0x0000, 0x6200, 0x006E, 0x0C69, 0x2EBC, 0xF8FC, 0x6600, 0x0064, 0x0C69, 0x2A79, 0xFBB2, 0x6600, 0x005A,
    0x2F09, 0x2F3C, 0x0000, 0x0400, 0x3F3C, 0x0048, 0x4E41, 0x5C8F, 0x225F, 0x4A80, 0x6F42, 0xD0BC, 0x0000, 0x0400, 0x263C, 0x00FA,
    0x4CE4, 0x2800, 0x6100, 0x0034, 0x662E, 0x263C, 0x00FA, 0x4CE0, 0x7800, 0x6100, 0x0026, 0x6620, 0x263C, 0x00FA, 0x4CF0, 0x2809,
    0x6100, 0x0018, 0x6612, 0x2F3C, 0x00FA, 0x4CF4, 0x3F3C, 0x0021, 0x3F3C, 0x0005, 0x4E4D, 0x508F, 0x4E75, 0x2F09, 0x3E3C, 0x0005,
    0x48E7, 0x7F00, 0x7208, 0x303C, 0x0600, 0x6100, 0x02F0, 0x4CDF, 0x00FE, 0x4A40, 0x6704, 0x51CF, 0xFFE8, 0x225F, 0x4A40, 0x4E75,
    0x0000, 0x0000, 0x0000, 0x0000, 0x5842, 0x5241, 0x5344, 0x5046, 0x0000, 0x0000, 0x4AB9, 0x00FA, 0x4CE0, 0x671C, 0x2F0E, 0x2C79,
    0x00FA, 0x4CE4, 0x2D0F, 0x2E4E, 0x48E7, 0xFFFC, 0x6100, 0x0096, 0x4CDF, 0x3FFF, 0x2E57, 0x2C5F, 0x2008, 0x4E68, 0x0817, 0x0005,
    0x670C, 0x41EF, 0x0006, 0x4A78, 0x059E, 0x6702, 0x5488, 0x4A50, 0x6718, 0x0C50, 0x0031, 0x6712, 0x0C50, 0x0049, 0x670C, 0x0C50,
    0x004A, 0x6706, 0x0C50, 0x004C, 0x6628, 0x2040, 0x4AB9, 0x00FA, 0x4CE0, 0x6620, 0x2F0E, 0x2C79, 0x00FA, 0x4CE4, 0x2D0F, 0x2E4E,
    0x48E7, 0xFFFC, 0x6100, 0x0016, 0x4CDF, 0x3FFF, 0x2E57, 0x2C5F, 0x6002, 0x2040, 0x2F39, 0x00FA, 0x4CF0, 0x4E75, 0x263C, 0x00FA,
    0x4CE0, 0x7801, 0x3E3C, 0x0005, 0x48E7, 0x7F00, 0x7208, 0x303C, 0x0600, 0x6100, 0x0228, 0x4CDF, 0x00FE, 0x4A40, 0x6704, 0x51CF,
    0xFFE8, 0x4E75, 0x6100, 0x002C, 0x2A04, 0x2803, 0x263C, 0x00FA, 0x4CE0, 0x3E3C, 0x0005, 0x48E7, 0x7F00, 0x720C, 0x303C, 0x0601,
    0x6100, 0x01FA, 0x4CDF, 0x00FE, 0x4A40, 0x6704, 0x51CF, 0xFFE8, 0x4E75, 0x2279, 0x00FA, 0x4CF0, 0x2A69, 0xF8FE, 0x2269, 0xFBB4,
    0x2C51, 0x7600, 0x7E00, 0x204E, 0x2008, 0x671E, 0x4A28, 0x0004, 0x6F14, 0x6100, 0x007A, 0xB07C, 0x0004, 0x6608, 0x4228, 0x0004,
    0x5243, 0x6002, 0xDE40, 0x2050, 0x60DE, 0xBE7C, 0x0004, 0x6D56, 0x204E, 0x95CA, 0x7C00, 0x2008, 0x6716, 0x4A28, 0x0004, 0x6F0C,
    0x6100, 0x004C, 0xB046, 0x6F04, 0x3C00, 0x2448, 0x2050, 0x60E6, 0x200A, 0x6732, 0x47EA, 0x0006, 0x7A03, 0x0CAB, 0x0000, 0x0001,
    0x000C, 0x6710, 0x6100, 0x0046, 0x2008, 0x671A, 0x6100, 0x006E, 0x4A40, 0x6612, 0x47EB, 0x0010, 0x51CD, 0xFFE0, 0x422A, 0x0004,
    0x5243, 0x5947, 0x60A4, 0x2807, 0x48C3, 0x48C4, 0x4E75, 0x7000, 0x43E8, 0x0006, 0x7203, 0x0CA9, 0x0000, 0x0001, 0x000C, 0x6602,
    0x5240, 0x43E9, 0x0010, 0x51C9, 0xFFEE, 0x4E75, 0x224E, 0x2209, 0x6726, 0xB5C9, 0x671E, 0x4A29, 0x0004, 0x6F18, 0x41E9, 0x0006,
    0x7203, 0x0CA8, 0x0000, 0x0001, 0x000C, 0x670E, 0x41E8, 0x0010, 0x51C9, 0xFFF0, 0x2251, 0x60D6, 0x91C8, 0x4E75, 0x43ED, 0x0000,
    0x613A, 0x670C, 0x43ED, 0x0004, 0x6132, 0x6704, 0x7001, 0x4E75, 0x2093, 0x216B, 0x0004, 0x0004, 0x216B, 0x0008, 0x0008, 0x216B,
    0x000C, 0x000C, 0x2288, 0xB7ED, 0x0008, 0x6604, 0x2B48, 0x0008, 0x277C, 0x0000, 0x0001, 0x000C, 0x7000, 0x4E75, 0x2211, 0x6708,
    0xB7C1, 0x6708, 0x2241, 0x60F4, 0x7201, 0x4E75, 0x7200, 0x4E75, 0x2038, 0x05A0, 0x6700, 0x001A, 0x2040, 0x2018, 0x6700, 0x0012,
    0xB0BC, 0x5F4D, 0x4348, 0x6704, 0x5848, 0x60EE, 0x2818, 0x6002, 0x4284, 0x2F04, 0x263C, 0x0000, 0x0000, 0x3E3C, 0x0005, 0x48E7,
    0x7F00, 0x7208, 0x303C, 0x0602, 0x6100, 0x0072, 0x4CDF, 0x00FE, 0x4A40, 0x6704, 0x51CF, 0xFFE8, 0x4A40, 0x6604, 0x201F, 0x4E75,
    0x281F, 0x60CE, 0x3F3C, 0x0030, 0x4E41, 0x548F, 0xC0BC, 0x0000, 0xFFFF, 0x0C78, 0x00FC, 0x0004, 0x6608, 0x3239, 0x00FC, 0x0002,
    0x6006, 0x3239, 0x00E0, 0x0002, 0xC2BC, 0x0000, 0xFFFF, 0x4841, 0x8081, 0x263C, 0x0000, 0x0001, 0x2800, 0x3E3C, 0x0005, 0x48E7,
    0x7F00, 0x7208, 0x303C, 0x0602, 0x6100, 0x0012, 0x4CDF, 0x00FE, 0x4A40, 0x6704, 0x51CF, 0xFFE8, 0x4A40, 0x4E75, 0x2439, 0x00FA,
    0x8204, 0x2478, 0x04C6, 0x2678, 0x04C6, 0x2E3C, 0x0000, 0x0024, 0x43F9, 0x00FA, 0x509C, 0xE24F, 0x5347, 0x34D9, 0x51CF, 0xFFFC,
    0x5841, 0x43F9, 0x00FA, 0x8200, 0x207C, 0x00FB, 0x0000, 0xD1FC, 0x0000, 0x8000, 0x3E3C, 0xABCD, 0x4A30, 0x7000, 0x4287, 0xDE40,
    0x4A30, 0x0000, 0xDE41, 0x4A30, 0x1000, 0x4A41, 0x6700, 0x0088, 0xDE42, 0x4A30, 0x2000, 0xB27C, 0x0002, 0x6700, 0x007A, 0x4842,
    0xDE42, 0x4A30, 0x2000, 0xB27C, 0x0004, 0x6700, 0x006A, 0xDE43, 0x4A30, 0x3000, 0xB27C, 0x0006, 0x6700, 0x005C, 0x4843, 0xDE43,
    0x4A30, 0x3000, 0xB27C, 0x0008, 0x6700, 0x004C, 0xDE44, 0x4A30, 0x4000, 0xB27C, 0x000A, 0x6700, 0x003E, 0x4844, 0xDE44, 0x4A30,
    0x4000, 0xB27C, 0x000C, 0x672E, 0xDE45, 0x4A30, 0x5000, 0xB27C, 0x000E, 0x6722, 0x4845, 0xDE45, 0x4A30, 0x5000, 0xB27C, 0x0010,
    0x6714, 0xDE46, 0x4A30, 0x6000, 0xB27C, 0x0012, 0x6708, 0x4846, 0xDE46, 0x4A30, 0x6000, 0x4A30, 0x7000, 0x4ED3, 0x4842, 0x2E3C,
    0x0000, 0x0FFF, 0x7000, 0xB491, 0x6608, 0xB4B9, 0x00FA, 0x8204, 0x6606, 0x5387, 0x66F0, 0x5380, 0x4A40, 0x4E75, 0x2439, 0x00FA,
    0x8204, 0x2478, 0x04C6, 0x2678, 0x04C6, 0x2E3C, 0x0000, 0x0024, 0x43F9, 0x00FA, 0x51E2, 0xE24F, 0x5347, 0x34D9, 0x51CF, 0xFFFC,
    0xCCBC, 0x0000, 0xFFFF, 0x7210, 0xD286, 0x5281, 0xE289, 0xE389, 0x43F9, 0x00FA, 0x8200, 0x207C, 0x00FB, 0x0000, 0xD1FC, 0x0000,
    0x8000, 0x3E3C, 0xABCD, 0x4A30, 0x7000, 0x4287, 0xDE40, 0x4A30, 0x0000, 0xDE41, 0x4A30, 0x1000, 0xDE42, 0x4A30, 0x2000, 0x4842,
    0xDE42, 0x4A30, 0x2000, 0xDE43, 0x4A30, 0x3000, 0x4843, 0xDE43, 0x4A30, 0x3000, 0xDE44, 0x4A30, 0x4000, 0x4844, 0xDE44, 0x4A30,
    0x4000, 0xDE45, 0x4A30, 0x5000, 0x4845, 0xDE45, 0x4A30, 0x5000, 0x2A06, 0x2C07, 0x4287, 0x0805, 0x0000, 0x662E, 0x5285, 0xE24D,
    0x5345, 0x280C, 0x0804, 0x0000, 0x6712, 0x161C, 0xE14B, 0x161C, 0x4A30, 0x3000, 0xDE43, 0x51CD, 0xFFF2, 0x605E, 0x381C, 0xDE44,
    0x4A30, 0x4000, 0x51CD, 0xFFF6, 0x6050, 0x5285, 0xE24D, 0x280C, 0x0804, 0x0000, 0x6726, 0x5345, 0x6712, 0x5345, 0x161C, 0xE14B,
    0x161C, 0x4A30, 0x3000, 0xDE43, 0x51CD, 0xFFF2, 0x181C, 0xE14C, 0xC87C, 0xFF00, 0xDE44, 0x4A30, 0x4000, 0x601E, 0x5345, 0x670E,
    0x5345, 0x381C, 0xDE44, 0x4A30, 0x4000, 0x51CD, 0xFFF6, 0x381C, 0xC87C, 0xFF00, 0xDE44, 0x4A30, 0x4000, 0xDC47, 0x4A30, 0x6000,
    0x4ED3, 0x4842, 0x2C3C, 0x0000, 0x1FFF, 0x7000, 0xB491, 0x6608, 0xB4B9, 0x00FA, 0x8204, 0x6606, 0x5386, 0x66F0, 0x5380, 0x4A40,
    0x4E75, 0x4E71, 0x4E71, 0x4E71, 0x4E71, 0x4E71, 0x4E71, 0x4E71, 0x4E71, 0x4E71, 0x4E71, 0x0000, 0x0000, 0x0000, 0x0000, 0x0000,
    0x0000, 0x0000, 0x0000, 0x0000, 0x0000, 0x0000, 0x0000, 0x0000, 0x0000, 0x0000, 0x0000, 0x0000, 0x0000, 0x0000, 0x0000, 0x0000,
    0x0000, 0x0000, 0x0000, 0x0000, 0x0000, 0x0000, 0x0000, 0x0000, 0x0000, 0x0000, 0x0000, 0x0000, 0x0000, 0x0000, 0x0000, 0x0000,
    0x0000, 0x0000, 0x0000, 0x0000, 0x0000, 0x0000, 0x0000, 0x0000, 0x0000, 0x0000, 0x0000, 0x0000, 0x0000, 0x0000, 0x0000, 0x0000,
    0x0000, 0x0000, 0x0000, 0x0000, 0x0000, 0x0000, 0x0000, 0x0000, 0x0000, 0x0000, 0x0000, 0x0000, 0x0000, 0x0000, 0x0000, 0x0000,
    0x0000, 0x0000, 0x0000, 0x0000, 0x0000, 0x0000, 0x0000, 0x0000, 0x0000, 0x0000, 0x0000, 0x0000, 0x0000, 0x0000, 0x0000, 0x0000,
    0x0000, 0x0000, 0x0000, 0x0000, 0x0000, 0x0000, 0x0000, 0x0000, 0x0000, 0x0000, 0x0000, 0x0000, 0x0000, 0x0000, 0x0000, 0x0000,
    0x0000, 0x0000, 0x0000, 0x0000, 0x0000, 0x0000, 0x0000, 0x0000, 0x0000, 0x0000, 0x0000, 0x0000, 0x0000, 0x0000, 0x0000, 0x0000,
    0x0000, 0x0000, 0x0000, 0x0000, 0x0000, 0x0000, 0x0000, 0x0000, 0x0000, 0x0000, 0x0000, 0x0000, 0x0000, 0x0000, 0x0000, 0x0000,
    0x0000, 0x0000, 0x0000, 0x0000, 0x0000, 0x0000, 0x0000, 0x0000, 0x0000, 0x0000, 0x0000, 0x0000, 0x0000, 0x0000, 0x0000, 0x0000,
    0x0000, 0x0000, 0x0000, 0x0000, 0x0000, 0x0000, 0x0000, 0x0000, 0x0000, 0x0000, 0x0000, 0x0000, 0x0000, 0x0000, 0x0000, 0x0000,
    0x0000, 0x0000, 0x0000, 0x0000, 0x0000, 0x0000, 0x0000, 0x0000, 0x0000, 0x0000, 0x0000, 0x0000, 0x0000, 0x0000, 0x0000, 0x0000,
    0x0000, 0x0000, 0x0000, 0x0000, 0x0000, 0x0000, 0x0000, 0x0000, 0x0000, 0x0000, 0x0000, 0x0000, 0x0000, 0x0000, 0x0000, 0x0000,
    0x0000, 0x0000, 0x0000, 0x0000, 0x0000, 0x0000, 0x0000, 0x0000, 0x0000, 0x0000, 0x0000, 0x0000, 0x0000, 0x0000, 0x0000, 0x0000,
    0x0000, 0x0000, 0x0000, 0x0000, 0x0000, 0x0000, 0x0000, 0x0000, 0x0000, 0x0000, 0x0000, 0x0000, 0x0000, 0x0000, 0x0000, 0x0000,
    0x0000, 0x0000, 0x0000, 0x0000, 0x0000, 0x0000, 0x0000, 0x0000, 0x0000, 0x0000, 0x0000, 0x0000, 0x0000, 0x0000, 0x0000, 0x0000,
    0x0CB9, 0xFFFF, 0xFFFF, 0x00FA, 0xA408, 0x6600, 0x0038, 0x6100, 0x0C50, 0x2039, 0x00FA, 0xA430, 0x6704, 0x21C0, 0x0516, 0x6100,
    0x043C, 0x6100, 0x0022, 0x0CB9, 0x0000, 0x0002, 0x00FA, 0xA428, 0x6612, 0x31FC, 0x0002, 0x0446, 0x3F3C, 0x0002, 0x3F3C, 0x000E,
    0x4E41, 0x588F, 0x4E75, 0x2038, 0x046A, 0xB0BC, 0x00FA, 0x56B0, 0x665C, 0x2038, 0x0472, 0xB0BC, 0x00FA, 0x55FC, 0x6650, 0x2038,
    0x0476, 0xB0BC, 0x00FA, 0x5638, 0x6644, 0x2038, 0x047A, 0xB0BC, 0x00FA, 0x5F6E, 0x6638, 0x2038, 0x047E, 0xB0BC, 0x00FA, 0x5674,
    0x662C, 0x263C, 0x0000, 0x0882, 0x283C, 0x0000, 0x0001, 0x3E3C, 0x0005, 0x48E7, 0x7F00, 0x7208, 0x303C, 0x0500, 0x6100, 0x0C6E,
    0x4CDF, 0x00FE, 0x4A40, 0x6704, 0x51CF, 0xFFE8, 0x4E75, 0x2038, 0x046A, 0xB0BC, 0x00FA, 0x56B0, 0x6726, 0x263C, 0x0000, 0x0883,
    0x2800, 0x3E3C, 0x0005, 0x48E7, 0x7F00, 0x7208, 0x303C, 0x0500, 0x6100, 0x0C3A, 0x4CDF, 0x00FE, 0x4A40, 0x6704, 0x51CF, 0xFFE8,
    0x2038, 0x0472, 0xB0BC, 0x00FA, 0x55FC, 0x6726, 0x263C, 0x0000, 0x0884, 0x2800, 0x3E3C, 0x0005, 0x48E7, 0x7F00, 0x7208, 0x303C,
    0x0500, 0x6100, 0x0C08, 0x4CDF, 0x00FE, 0x4A40, 0x6704, 0x51CF, 0xFFE8, 0x2038, 0x0476, 0xB0BC, 0x00FA, 0x5638, 0x6726, 0x263C,
    0x0000, 0x0885, 0x2800, 0x3E3C, 0x0005, 0x48E7, 0x7F00, 0x7208, 0x303C, 0x0500, 0x6100, 0x0BD6, 0x4CDF, 0x00FE, 0x4A40, 0x6704,
    0x51CF, 0xFFE8, 0x2038, 0x047A, 0xB0BC, 0x00FA, 0x5F6E, 0x6726, 0x263C, 0x0000, 0x0886, 0x2800, 0x3E3C, 0x0005, 0x48E7, 0x7F00,
    0x7208, 0x303C, 0x0500, 0x6100, 0x0BA4, 0x4CDF, 0x00FE, 0x4A40, 0x6704, 0x51CF, 0xFFE8, 0x2038, 0x047E, 0xB0BC, 0x00FA, 0x5674,
    0x6726, 0x263C, 0x0000, 0x0887, 0x2800, 0x3E3C, 0x0005, 0x48E7, 0x7F00, 0x7208, 0x303C, 0x0500, 0x6100, 0x0B72, 0x4CDF, 0x00FE,
    0x4A40, 0x6704, 0x51CF, 0xFFE8, 0x21FC, 0x00FA, 0x56B0, 0x046A, 0x21FC, 0x00FA, 0x55FC, 0x0472, 0x21FC, 0x00FA, 0x5638, 0x0476,
    0x21FC, 0x00FA, 0x5F6E, 0x047A, 0x21FC, 0x00FA, 0x5674, 0x047E, 0x263C, 0x0000, 0x0882, 0x283C, 0x0000, 0x0001, 0x3E3C, 0x0005,
    0x48E7, 0x7F00, 0x7208, 0x303C, 0x0500, 0x6100, 0x0B20, 0x4CDF, 0x00FE, 0x4A40, 0x6704, 0x51CF, 0xFFE8, 0x4E75, 0x0CB9, 0x0001,
    0x0010, 0x00FA, 0x8208, 0x6600, 0x0502, 0x558F, 0x1EB8, 0x8E21, 0x08B8, 0x0000, 0x8E21, 0x2F2F, 0x0012, 0x2F2F, 0x0012, 0x2F2F,
    0x0012, 0x2F2F, 0x0012, 0x4EB9, 0x00FA, 0x5B0A, 0x4FEF, 0x0010, 0x11D7, 0x8E21, 0x548F, 0x4E75, 0x0CB9, 0x0001, 0x0010, 0x00FA,
    0x8208, 0x6600, 0x066C, 0x558F, 0x1EB8, 0x8E21, 0x08B8, 0x0000, 0x8E21, 0x2F2F, 0x0012, 0x2F2F, 0x0012, 0x2F2F, 0x0012, 0x2F2F,
    0x0012, 0x4EB9, 0x00FA, 0x5CB0, 0x4FEF, 0x0010, 0x11D7, 0x8E21, 0x548F, 0x4E75, 0x0CB9, 0x0001, 0x0010, 0x00FA, 0x8208, 0x6600,
    0x0930, 0x558F, 0x1EB8, 0x8E21, 0x08B8, 0x0000, 0x8E21, 0x2F2F, 0x0012, 0x2F2F, 0x0012, 0x2F2F, 0x0012, 0x2F2F, 0x0012, 0x4EB9,
    0x00FA, 0x5FB0, 0x4FEF, 0x0010, 0x11D7, 0x8E21, 0x548F, 0x4E75, 0x48E7, 0xFFFE, 0x7600, 0x78FF, 0x3E3C, 0x0005, 0x48E7, 0x7F00,
    0x7208, 0x303C, 0x050C, 0x6100, 0x0A44, 0x4CDF, 0x00FE, 0x4A40, 0x6704, 0x51CF, 0xFFE8, 0x4CDF, 0x7FFF, 0x2F08, 0x2F06, 0x4286,
    0x2039, 0x00FA, 0xA430, 0x6708, 0x21C0, 0x0516, 0x6100, 0x008C, 0x4AB9, 0x00FA, 0xA414, 0x670A, 0x2079, 0x00FA, 0xA414, 0x4E90,
    0x2C00, 0x2039, 0x00FA, 0xA430, 0x673C, 0x21C0, 0x0516, 0x6100, 0x006A, 0x48E7, 0xFFFE, 0x7609, 0x2838, 0x04C2, 0x3E3C, 0x0005,
    0x48E7, 0x7F00, 0x7208, 0x303C, 0x050C, 0x6100, 0x09E0, 0x4CDF, 0x00FE, 0x4A40, 0x6704, 0x51CF, 0xFFE8, 0x4CDF, 0x7FFF, 0x2006,
    0x2C1F, 0x205F, 0x4E75, 0x48E7, 0xFFFE, 0x7609, 0x2838, 0x04C2, 0x3E3C, 0x0005, 0x48E7, 0x7F00, 0x7208, 0x303C, 0x050C, 0x6100,
    0x09AC, 0x4CDF, 0x00FE, 0x4A40, 0x6704, 0x51CF, 0xFFE8, 0x4CDF, 0x7FFF, 0x2006, 0x2C1F, 0x205F, 0x4E75, 0x48E7, 0x7800, 0x2239,
    0x00FA, 0xA428, 0x2439, 0x00FA, 0xA42C, 0x48E7, 0xFFFE, 0x760A, 0x2801, 0x3E3C, 0x0005, 0x48E7, 0x7F00, 0x7208, 0x303C, 0x050C,
    0x6100, 0x096A, 0x4CDF, 0x00FE, 0x4A40, 0x6704, 0x51CF, 0xFFE8, 0x4CDF, 0x7FFF, 0x48E7, 0xFFFE, 0x760B, 0x2802, 0x3E3C, 0x0005,
    0x48E7, 0x7F00, 0x7208, 0x303C, 0x050C, 0x6100, 0x0940, 0x4CDF, 0x00FE, 0x4A40, 0x6704, 0x51CF, 0xFFE8, 0x4CDF, 0x7FFF, 0xB2BC,
    0x0000, 0x0002, 0x6D42, 0xB481, 0x6D3E, 0x4283, 0x03C3, 0xB481, 0x6704, 0x5281, 0x60F6, 0x2803, 0x48E7, 0xFFFE, 0x760C, 0x2804,
    0x3E3C, 0x0005, 0x48E7, 0x7F00, 0x7208, 0x303C, 0x050C, 0x6100, 0x08FC, 0x4CDF, 0x00FE, 0x4A40, 0x6704, 0x51CF, 0xFFE8, 0x4CDF,
    0x7FFF, 0x87B8, 0x04C2, 0x602E, 0x4283, 0x2803, 0x48E7, 0xFFFE, 0x760C, 0x2804, 0x3E3C, 0x0005, 0x48E7, 0x7F00, 0x7208, 0x303C,
    0x050C, 0x6100, 0x08C8, 0x4CDF, 0x00FE, 0x4A40, 0x6704, 0x51CF, 0xFFE8, 0x4CDF, 0x7FFF, 0x4CDF, 0x001E, 0x4E75, 0x48E7, 0xFFFE,
    0x48E7, 0xFFFE, 0x7613, 0x2838, 0x042E, 0x2A38, 0x0432, 0x3E3C, 0x0005, 0x48E7, 0x7F00, 0x720C, 0x303C, 0x050C, 0x6100, 0x088E,
    0x4CDF, 0x00FE, 0x4A40, 0x6704, 0x51CF, 0xFFE8, 0x4CDF, 0x7FFF, 0x48E7, 0xFFFE, 0x7614, 0x2838, 0x0436, 0x2A38, 0x044E, 0x3E3C,
    0x0005, 0x48E7, 0x7F00, 0x720C, 0x303C, 0x050C, 0x6100, 0x085E, 0x4CDF, 0x00FE, 0x4A40, 0x6704, 0x51CF, 0xFFE8, 0x4CDF, 0x7FFF,
    0x2078, 0x0516, 0x2008, 0x6600, 0x0040, 0x48E7, 0xFFFE, 0x7615, 0x283C, 0x0000, 0x0002, 0x2A3C, 0x0000, 0x0000, 0x2C3C, 0x0000,
    0x8800, 0x3E3C, 0x0005, 0x48E7, 0x7F00, 0x7210, 0x303C, 0x050C, 0x6100, 0x081A, 0x4CDF, 0x00FE, 0x4A40, 0x6704, 0x51CF, 0xFFE8,
    0x4CDF, 0x7FFF, 0x6000, 0x01CC, 0x4287, 0x3E28, 0x005C, 0xBE7C, 0x0200, 0x6200, 0x003C, 0x48E7, 0xFFFE, 0x7615, 0x283C, 0x0000,
    0x0003, 0x2A07, 0x2C3C, 0x0000, 0x8800, 0x3E3C, 0x0005, 0x48E7, 0x7F00, 0x7210, 0x303C, 0x050C, 0x6100, 0x07D2, 0x4CDF, 0x00FE,
    0x4A40, 0x6704, 0x51CF, 0xFFE8, 0x4CDF, 0x7FFF, 0x6000, 0x0184, 0x4286, 0x2A78, 0x04B2, 0x6100, 0x0180, 0x2A78, 0x04B6, 0x6100,
    0x0178, 0x4A86, 0x6600, 0x0040, 0x48E7, 0xFFFE, 0x7615, 0x283C, 0x0000, 0x0004, 0x2A3C, 0x0000, 0x0000, 0x2C3C, 0x0000, 0x8800,
    0x3E3C, 0x0005, 0x48E7, 0x7F00, 0x7210, 0x303C, 0x050C, 0x6100, 0x077C, 0x4CDF, 0x00FE, 0x4A40, 0x6704, 0x51CF, 0xFFE8, 0x4CDF,
    0x7FFF, 0x6000, 0x012E, 0x2006, 0xC0C7, 0x2200, 0xB2BC, 0x0000, 0x8800, 0x6300, 0x003C, 0x48E7, 0xFFFE, 0x7615, 0x283C, 0x0000,
    0x0005, 0x2A01, 0x2C3C, 0x0000, 0x8800, 0x3E3C, 0x0005, 0x48E7, 0x7F00, 0x7210, 0x303C, 0x050C, 0x6100, 0x0732, 0x4CDF, 0x00FE,
    0x4A40, 0x6704, 0x51CF, 0xFFE8, 0x4CDF, 0x7FFF, 0x6000, 0x00E4, 0x2038, 0x0432, 0x4A80, 0x6700, 0x0016, 0xB0BC, 0x0000, 0x8800,
    0x6300, 0x000C, 0x90BC, 0x0000, 0x8800, 0x6000, 0x003C, 0x48E7, 0xFFFE, 0x7615, 0x283C, 0x0000, 0x0006, 0x2A01, 0x2C3C, 0x0000,
    0x8800, 0x3E3C, 0x0005, 0x48E7, 0x7F00, 0x7210, 0x303C, 0x050C, 0x6100, 0x06DA, 0x4CDF, 0x00FE, 0x4A40, 0x6704, 0x51CF, 0xFFE8,
    0x4CDF, 0x7FFF, 0x6000, 0x008C, 0x2640, 0x0C93, 0xAC51, 0x4BCB, 0x6606, 0xB0AB, 0x0004, 0x6736, 0x48E7, 0xFFFE, 0x7615, 0x283C,
    0x0000, 0x0007, 0x2A01, 0x2C00, 0x3E3C, 0x0005, 0x48E7, 0x7F00, 0x7210, 0x303C, 0x050C, 0x6100, 0x0694, 0x4CDF, 0x00FE, 0x4A40,
    0x6704, 0x51CF, 0xFFE8, 0x4CDF, 0x7FFF, 0x6000, 0x0046, 0x2840, 0x2A78, 0x04B2, 0x6100, 0x0050, 0x2A78, 0x04B6, 0x6100, 0x0048,
    0x48E7, 0xFFFE, 0x7615, 0x283C, 0x0000, 0x0000, 0x2A01, 0x2C0B, 0x3E3C, 0x0005, 0x48E7, 0x7F00, 0x7210, 0x303C, 0x050C, 0x6100,
    0x064C, 0x4CDF, 0x00FE, 0x4A40, 0x6704, 0x51CF, 0xFFE8, 0x4CDF, 0x7FFF, 0x4CDF, 0x7FFF, 0x4E75, 0x200D, 0x6708, 0x5286, 0x2A6D,
    0x0000, 0x60F4, 0x4E75, 0x200D, 0x671E, 0x2B4C, 0x0010, 0x3B7C, 0xFFFF, 0x0004, 0x426D, 0x0008, 0x426D, 0x000A, 0x42AD, 0x000C,
    0xD9C7, 0x2A6D, 0x0000, 0x60DE, 0x4E75, 0x48E7, 0xFFFE, 0x7601, 0x4284, 0x382F, 0x0040, 0x3E3C, 0x0005, 0x48E7, 0x7F00, 0x7208,
    0x303C, 0x050C, 0x6100, 0x05E6, 0x4CDF, 0x00FE, 0x4A40, 0x6704, 0x51CF, 0xFFE8, 0x4CDF, 0x7FFF, 0x4280, 0x302F, 0x0004, 0xB0BC,
    0x0000, 0x000F, 0x6214, 0xD040, 0xD040, 0x2F08, 0x207C, 0x00FA, 0xA4E0, 0x2030, 0x0000, 0x205F, 0x6614, 0x4AB9, 0x00FA, 0xA418,
    0x6708, 0x2079, 0x00FA, 0xA418, 0x4ED0, 0x4280, 0x4E75, 0x48E7, 0xFFFE, 0x7606, 0x4284, 0x382F, 0x0040, 0x3E3C, 0x0005, 0x48E7,
    0x7F00, 0x7208, 0x303C, 0x050C, 0x6100, 0x0582, 0x4CDF, 0x00FE, 0x4A40, 0x6704, 0x51CF, 0xFFE8, 0x4CDF, 0x7FFF, 0x3E2F, 0x0004,
    0x6102, 0x60C8, 0x48E7, 0xFFFE, 0x2C40, 0x4280, 0x3007, 0x2A40, 0x760F, 0x4284, 0x280D, 0x4844, 0x4285, 0x2A0E, 0x4286, 0x3C16,
    0x4846, 0x3C2E, 0x0002, 0x3E3C, 0x0005, 0x48E7, 0x7F00, 0x7210, 0x303C, 0x050C, 0x6100, 0x0536, 0x4CDF, 0x00FE, 0x4A40, 0x6704,
    0x51CF, 0xFFE8, 0x760F, 0x4284, 0x280D, 0x4844, 0x383C, 0x0001, 0x4285, 0x3A2E, 0x0004, 0x4845, 0x3A2E, 0x0006, 0x4286, 0x3C2E,
    0x0008, 0x4846, 0x3C2E, 0x000A, 0x3E3C, 0x0005, 0x48E7, 0x7F00, 0x7210, 0x303C, 0x050C, 0x6100, 0x04F4, 0x4CDF, 0x00FE, 0x4A40,
    0x6704, 0x51CF, 0xFFE8, 0x760F, 0x4284, 0x280D, 0x4844, 0x383C, 0x0002, 0x4285, 0x3A2E, 0x000C, 0x4845, 0x3A2E, 0x000E, 0x4286,
    0x3C2E, 0x0010, 0x4846, 0x3C2E, 0x0012, 0x3E3C, 0x0005, 0x48E7, 0x7F00, 0x7210, 0x303C, 0x050C, 0x6100, 0x04B2, 0x4CDF, 0x00FE,
    0x4A40, 0x6704, 0x51CF, 0xFFE8, 0x760F, 0x4284, 0x280D, 0x4844, 0x383C, 0x0003, 0x4285, 0x3A2E, 0x0014, 0x4845, 0x3A2E, 0x0016,
    0x4286, 0x3C2E, 0x0018, 0x4846, 0x3C2E, 0x0020, 0x3E3C, 0x0005, 0x48E7, 0x7F00, 0x7210, 0x303C, 0x050C, 0x6100, 0x0470, 0x4CDF,
    0x00FE, 0x4A40, 0x6704, 0x51CF, 0xFFE8, 0x4CDF, 0x7FFF, 0x4E75, 0x302F, 0x000E, 0xB07C, 0x000F, 0x6200, 0x005E, 0xE548, 0x207C,
    0x00FA, 0xA4E0, 0x2030, 0x0000, 0x6700, 0x004E, 0x2240, 0x4A6F, 0x000A, 0x6740, 0x4AAF, 0x0006, 0x6736, 0x48E7, 0x7FF8, 0x322F,
    0x003A, 0x3411, 0x6604, 0x343C, 0x0200, 0x286F, 0x0036, 0x7C00, 0x3C2F, 0x003C, 0x382F, 0x003E, 0x082F, 0x0000, 0x0035, 0x6606,
    0x4245, 0x6128, 0x6004, 0x6100, 0x01EE, 0x4CDF, 0x1FFE, 0x4E75, 0x70F5, 0x4E75, 0x4280, 0x4E75, 0x4AB9, 0x00FA, 0xA41C, 0x6708,
    0x2079, 0x00FA, 0xA41C, 0x4ED0, 0x4280, 0x4E75, 0x4A45, 0x660A, 0x610C, 0x6604, 0x6100, 0x00C0, 0x4E75, 0x4280, 0x4E75, 0xB47C,
    0x1000, 0x671C, 0xB47C, 0x2000, 0x6716, 0xB47C, 0x0200, 0x6710, 0xB47C, 0x0400, 0x670A, 0xB47C, 0x0800, 0x6704, 0x70F5, 0x4E75,
    0x4280, 0x4E75, 0x5341, 0x610A, 0x6606, 0x5286, 0x51C9, 0xFFF8, 0x4E75, 0x48E7, 0x6A00, 0x3606, 0x4843, 0x3604, 0x7204, 0x303C,
    0x0501, 0x6100, 0x0388, 0x4CDF, 0x0056, 0x6668, 0x2039, 0x00FA, 0xA434, 0x4A80, 0x665E, 0x3A02, 0x227C, 0x00FA, 0xA7A0, 0x260C,
    0x0803, 0x0000, 0x6622, 0xBA7C, 0x0020, 0x651C, 0xEA4D, 0x5345, 0x28D9, 0x28D9, 0x28D9, 0x28D9, 0x28D9, 0x28D9, 0x28D9, 0x28D9,
    0x51CD, 0xFFEE, 0x4280, 0x4E75, 0xE84D, 0x5345, 0x18D9, 0x18D9, 0x18D9, 0x18D9, 0x18D9, 0x18D9, 0x18D9, 0x18D9, 0x18D9, 0x18D9,
    0x18D9, 0x18D9, 0x18D9, 0x18D9, 0x18D9, 0x18D9, 0x51CD, 0xFFDE, 0x4280, 0x4E75, 0x4E75, 0x2E3C, 0x0000, 0x5800, 0x8EC2, 0x3A01,
    0xBA47, 0x6302, 0x3A07, 0x48E7, 0x6F00, 0x3606, 0x4843, 0x3604, 0x4284, 0x3805, 0x7208, 0x303C, 0x0502, 0x6100, 0x02F0, 0x4CDF,
    0x00F6, 0x6670, 0x2039, 0x00FA, 0xA434, 0x4A80, 0x6666, 0x3005, 0xCAC2, 0x227C, 0x00FA, 0xA7A0, 0x260C, 0x0803, 0x0000, 0x6620,
    0xBA7C, 0x0020, 0x651A, 0xEA4D, 0x5345, 0x28D9, 0x28D9, 0x28D9, 0x28D9, 0x28D9, 0x28D9, 0x28D9, 0x28D9, 0x51CD, 0xFFEE, 0x6028,
    0xE84D, 0x5345, 0x18D9, 0x18D9, 0x18D9, 0x18D9, 0x18D9, 0x18D9, 0x18D9, 0x18D9, 0x18D9, 0x18D9, 0x18D9, 0x18D9, 0x18D9, 0x18D9,
    0x18D9, 0x18D9, 0x51CD, 0xFFDE, 0xDC40, 0x9240, 0x6E00, 0xFF70, 0x4280, 0x4E75, 0x4E75, 0x5341, 0x610C, 0x4A40, 0x6606, 0x5286,
    0x51C9, 0xFFF6, 0x4E75, 0x3606, 0x4843, 0x3604, 0x7800, 0x7A00, 0x3A02, 0x9A84, 0xBABC, 0x0000, 0x0400, 0x6F06, 0x2A3C, 0x0000,
    0x0400, 0x3E3C, 0x0005, 0x48E7, 0x7F08, 0x303C, 0x0503, 0x2C05, 0x6100, 0x033A, 0x4CDF, 0x10FE, 0x4A40, 0x6708, 0x51CF, 0xFFE8,
    0x70F6, 0x4E75, 0xD9C5, 0xD885, 0xB842, 0x6DC2, 0x2039, 0x00FA, 0xA434, 0x4A80, 0x4E75, 0x2E3C, 0x0000, 0x5800, 0x8EC2, 0x3A01,
    0xBA47, 0x6302, 0x3A07, 0x48E7, 0x6F00, 0x6100, 0x0014, 0x4CDF, 0x00F6, 0x4A40, 0x6608, 0xDC45, 0x9245, 0x6EE2, 0x4280, 0x4E75,
    0xCAC2, 0x3606, 0x4843, 0x3604, 0x7800, 0x2C05, 0x9C84, 0xBCBC, 0x0000, 0x0400, 0x6F06, 0x2C3C, 0x0000, 0x0400, 0x3E3C, 0x0005,
    0x48E7, 0x7F08, 0x303C, 0x0504, 0x6100, 0x02C2, 0x4CDF, 0x10FE, 0x4A40, 0x6708, 0x51CF, 0xFFEA, 0x70F6, 0x4E75, 0xD9C6, 0xD886,
    0xB885, 0x6DC6, 0x2039, 0x00FA, 0xA434, 0x4A80, 0x4E75, 0x48E7, 0xFFFE, 0x7603, 0x4284, 0x3838, 0x0446, 0x3E3C, 0x0005, 0x48E7,
    0x7F00, 0x7208, 0x303C, 0x050C, 0x6100, 0x0182, 0x4CDF, 0x00FE, 0x4A40, 0x6704, 0x51CF, 0xFFE8, 0x4CDF, 0x7FFF, 0x4AB9, 0x00FA,
    0xA420, 0x6708, 0x2F39, 0x00FA, 0xA420, 0x4E75, 0x4280, 0x4E75, 0x4280, 0x302F, 0x0004, 0xB0BC, 0x0000, 0x000F, 0x6200, 0x008E,
    0x2400, 0xD040, 0xD040, 0x2F08, 0x207C, 0x00FA, 0xA4E0, 0x2230, 0x0000, 0x205F, 0x6700, 0x0076, 0x2239, 0x00FA, 0xA438, 0x0501,
    0x6766, 0x0581, 0x48E7, 0x7FFE, 0x263C, 0x0000, 0x088C, 0x2801, 0x3E3C, 0x0005, 0x48E7, 0x7F00, 0x7208, 0x303C, 0x0500, 0x6100,
    0x010C, 0x4CDF, 0x00FE, 0x4A40, 0x6704, 0x51CF, 0xFFE8, 0x4CDF, 0x7FFE, 0x48E7, 0xFFFE, 0x760D, 0x4284, 0x3802, 0x4844, 0x383C,
    0x0002, 0x3E3C, 0x0005, 0x48E7, 0x7F00, 0x7208, 0x303C, 0x050C, 0x6100, 0x00DA, 0x4CDF, 0x00FE, 0x4A40, 0x6704, 0x51CF, 0xFFE8,
    0x4CDF, 0x7FFF, 0x7002, 0x4E75, 0x7000, 0x4E75, 0x4AB9, 0x00FA, 0xA424, 0x6708, 0x2079, 0x00FA, 0xA424, 0x4ED0, 0x4280, 0x4E75,
    0x2038, 0x05A0, 0x6700, 0x001A, 0x2040, 0x2018, 0x6700, 0x0012, 0xB0BC, 0x5F4D, 0x4348, 0x6704, 0x5848, 0x60EE, 0x2818, 0x6002,
    0x4284, 0x2F04, 0x263C, 0x0000, 0x0000, 0x3E3C, 0x0005, 0x48E7, 0x7F00, 0x7208, 0x303C, 0x0500, 0x6100, 0x0072, 0x4CDF, 0x00FE,
    0x4A40, 0x6704, 0x51CF, 0xFFE8, 0x4A40, 0x6604, 0x201F, 0x4E75, 0x281F, 0x60CE, 0x3F3C, 0x0030, 0x4E41, 0x548F, 0xC0BC, 0x0000,
    0xFFFF, 0x0C78, 0x00FC, 0x0004, 0x6608, 0x3239, 0x00FC, 0x0002, 0x6006, 0x3239, 0x00E0, 0x0002, 0xC2BC, 0x0000, 0xFFFF, 0x4841,
    0x8081, 0x263C, 0x0000, 0x0001, 0x2800, 0x3E3C, 0x0005, 0x48E7, 0x7F00, 0x7208, 0x303C, 0x0500, 0x6100, 0x0012, 0x4CDF, 0x00FE,
    0x4A40, 0x6704, 0x51CF, 0xFFE8, 0x4A40, 0x4E75, 0x2439, 0x00FA, 0x8204, 0x2478, 0x04C6, 0x2678, 0x04C6, 0x2E3C, 0x0000, 0x0024,
    0x43F9, 0x00FA, 0x61EC, 0xE24F, 0x5347, 0x34D9, 0x51CF, 0xFFFC, 0x5841, 0x43F9, 0x00FA, 0x8200, 0x207C, 0x00FB, 0x0000, 0xD1FC,
    0x0000, 0x8000, 0x3E3C, 0xABCD, 0x4A30, 0x7000, 0x4287, 0xDE40, 0x4A30, 0x0000, 0xDE41, 0x4A30, 0x1000, 0x4A41, 0x6700, 0x0088,
    0xDE42, 0x4A30, 0x2000, 0xB27C, 0x0002, 0x6700, 0x007A, 0x4842, 0xDE42, 0x4A30, 0x2000, 0xB27C, 0x0004, 0x6700, 0x006A, 0xDE43,
    0x4A30, 0x3000, 0xB27C, 0x0006, 0x6700, 0x005C, 0x4843, 0xDE43, 0x4A30, 0x3000, 0xB27C, 0x0008, 0x6700, 0x004C, 0xDE44, 0x4A30,
    0x4000, 0xB27C, 0x000A, 0x6700, 0x003E, 0x4844, 0xDE44, 0x4A30, 0x4000, 0xB27C, 0x000C, 0x672E, 0xDE45, 0x4A30, 0x5000, 0xB27C,
    0x000E, 0x6722, 0x4845, 0xDE45, 0x4A30, 0x5000, 0xB27C, 0x0010, 0x6714, 0xDE46, 0x4A30, 0x6000, 0xB27C, 0x0012, 0x6708, 0x4846,
    0xDE46, 0x4A30, 0x6000, 0x4A30, 0x7000, 0x4ED3, 0x4842, 0x2E3C, 0x0006, 0xFFFF, 0x7000, 0xB491, 0x6608, 0xB4B9, 0x00FA, 0x8204,
    0x6606, 0x5387, 0x66F0, 0x5380, 0x4A40, 0x4E75, 0x2439, 0x00FA, 0x8204, 0x2478, 0x04C6, 0x2678, 0x04C6, 0x2E3C, 0x0000, 0x0024,
    0x43F9, 0x00FA, 0x6332, 0xE24F, 0x5347, 0x34D9, 0x51CF, 0xFFFC, 0xCCBC, 0x0000, 0xFFFF, 0x7210, 0xD286, 0x5281, 0xE289, 0xE389,
    0x43F9, 0x00FA, 0x8200, 0x207C, 0x00FB, 0x0000, 0xD1FC, 0x0000, 0x8000, 0x3E3C, 0xABCD, 0x4A30, 0x7000, 0x4287, 0xDE40, 0x4A30,
    0x0000, 0xDE41, 0x4A30, 0x1000, 0xDE42, 0x4A30, 0x2000, 0x4842, 0xDE42, 0x4A30, 0x2000, 0xDE43, 0x4A30, 0x3000, 0x4843, 0xDE43,
    0x4A30, 0x3000, 0xDE44, 0x4A30, 0x4000, 0x4844, 0xDE44, 0x4A30, 0x4000, 0xDE45, 0x4A30, 0x5000, 0x4845, 0xDE45, 0x4A30, 0x5000,
    0x2A06, 0x2C07, 0x4287, 0x0805, 0x0000, 0x662E, 0x5285, 0xE24D, 0x5345, 0x280C, 0x0804, 0x0000, 0x6712, 0x161C, 0xE14B, 0x161C,
    0x4A30, 0x3000, 0xDE43, 0x51CD, 0xFFF2, 0x605E, 0x381C, 0xDE44, 0x4A30, 0x4000, 0x51CD, 0xFFF6, 0x6050, 0x5285, 0xE24D, 0x280C,
    0x0804, 0x0000, 0x6726, 0x5345, 0x6712, 0x5345, 0x161C, 0xE14B, 0x161C, 0x4A30, 0x3000, 0xDE43, 0x51CD, 0xFFF2, 0x181C, 0xE14C,
    0xC87C, 0xFF00, 0xDE44, 0x4A30, 0x4000, 0x601E, 0x5345, 0x670E, 0x5345, 0x381C, 0xDE44, 0x4A30, 0x4000, 0x51CD, 0xFFF6, 0x381C,
    0xC87C, 0xFF00, 0xDE44, 0x4A30, 0x4000, 0xDC47, 0x4A30, 0x6000, 0x4ED3, 0x4842, 0x2C3C, 0x0006, 0xFFFF, 0x7000, 0xB491, 0x6608,
    0xB4B9, 0x00FA, 0x8204, 0x6606, 0x5386, 0x66F0, 0x5380, 0x4A40, 0x4E75, 0x4E71, 0x4E71, 0x4E71, 0x4E71, 0x4E71, 0x4E71, 0x4E71,
    0x4E71
};
uint16_t target_firmware_length = sizeof(target_firmware) / sizeof(target_firmware[0]);

